game_date,state,label,n,said,did,gap,z,slope_se
2026-08-30,Cold,at least 1 home run,1,0.080105571822545,0.0,-0.080105571822545,-0.2950953514848974,
2026-08-30,Cold,at least 1 hit,1,0.48474709976256,0.0,-0.48474709976256,-0.96994562214472,
2026-08-30,Cold,at least 1 walk,1,0.2664435071433472,0.0,-0.2664435071433472,-0.6026786239944654,
2026-08-30,Cold,H+R+RBI over 0.5,1,0.5260949475504787,0.0,-0.5260949475504787,-1.0536257986933082,
2026-08-30,Cold,H+R+RBI over 1.5,1,0.3255068043043722,0.0,-0.3255068043043722,-0.6946903230645741,
2026-08-30,Cold,H+R+RBI over 2.5,1,0.1894734195478589,0.0,-0.1894734195478589,-0.4834933617976355,
2026-08-30,Cold,H+R+RBI over 3.5,1,0.0996917249869801,0.0,-0.0996917249869801,-0.3327621597959698,
2026-08-30,Cold,Total bases over 0.5,1,0.465984502260657,0.0,-0.465984502260657,-0.934133196778149,
2026-08-30,Cold,Total bases over 1.5,1,0.2430735974801019,0.0,-0.2430735974801019,-0.5666854567486216,
2026-08-30,Cold,Total bases over 2.5,1,0.1333428543869518,0.0,-0.1333428543869518,-0.3922484288615708,
2026-08-30,Cold,Total bases over 3.5,1,0.0979545391411299,0.0,-0.0979545391411299,-0.3295323611165211,
2026-08-30,Cold,Hits over 0.5,1,0.4733552179212135,0.0,-0.4733552179212135,-0.948057529173972,
2026-08-30,Cold,Hits over 1.5,1,0.1188146528647371,0.0,-0.1188146528647371,-0.3671988972861645,
2026-08-30,Cold,Hits over 2.5,1,0.0157117711491298,0.0,-0.0157117711491298,-0.1263430703212656,
2026-08-30,SLOPE,at least 1 home run,54,,,0.0079397972181538,0.1552671270400543,0.0511363697487985
2026-08-30,SLOPE,at least 1 hit,54,,,-0.0311782755992266,-0.5098163246774702,0.0611558988797607
2026-08-30,SLOPE,at least 1 walk,54,,,-0.036658587904534,-0.6305056201937562,0.0581415719867314
2026-08-30,SLOPE,H+R+RBI over 0.5,54,,,-0.0426422577197935,-0.7148663084070785,0.0596506748441011
2026-08-30,SLOPE,H+R+RBI over 1.5,54,,,0.0560201736444245,0.8905075241299852,0.0629081418477126
2026-08-30,SLOPE,H+R+RBI over 2.5,54,,,0.0762203956008997,1.263177356793456,0.0603402168278121
2026-08-30,SLOPE,H+R+RBI over 3.5,54,,,-0.012436035177679,-0.2397024701676741,0.0518811306741223
2026-08-30,SLOPE,Total bases over 0.5,54,,,-0.0341386333558683,-0.5607823855309396,0.0608767932743579
2026-08-30,SLOPE,Total bases over 1.5,54,,,0.0460613258765356,0.7062919031072459,0.0652157070948915
2026-08-30,SLOPE,Total bases over 2.5,54,,,0.0257898877666036,0.4619434516355781,0.0558291013224472
2026-08-30,SLOPE,Total bases over 3.5,54,,,0.006374943451823,0.1239625603004754,0.0514263616076554
2026-08-30,SLOPE,Hits over 0.5,54,,,-0.0289985006039352,-0.4736882088801799,0.0612185400867144
2026-08-30,SLOPE,Hits over 1.5,54,,,0.0030134885663763,0.0534410910054084,0.056388979148486
2026-08-30,SLOPE,Hits over 2.5,54,,,-0.00440716019997,-0.2440135366027876,0.0180611299738839
2026-09-01,Hot,at least 1 home run,3,0.1240088966362678,0.3333333333333333,0.2093244366970654,1.1000293913687862,
2026-09-01,Hot,at least 1 hit,3,0.605278545362434,0.6666666666666666,0.0613881213042326,0.217531404329648,
2026-09-01,Hot,at least 1 walk,3,0.3132212467162467,0.6666666666666666,0.3534454199504199,1.3199240838365902,
2026-09-01,Hot,H+R+RBI over 0.5,3,0.6527119560255129,0.6666666666666666,0.0139547106411537,0.050766329339858,
2026-09-01,Hot,H+R+RBI over 1.5,3,0.4460945462171129,0.6666666666666666,0.2205721204495537,0.768563876340329,
2026-09-01,Hot,H+R+RBI over 2.5,3,0.2855665570993848,0.6666666666666666,0.3811001095672818,1.4613866655366683,
2026-09-01,Hot,H+R+RBI over 3.5,3,0.1680406207571788,0.6666666666666666,0.4986260459094878,2.3098160137718087,
2026-09-01,Hot,Total bases over 0.5,3,0.5946266444732942,0.6666666666666666,0.0720400221933724,0.2541468215364127,
2026-09-01,Hot,Total bases over 1.5,3,0.351027120160617,0.6666666666666666,0.3156395465060496,1.1454296699174495,
2026-09-01,Hot,Total bases over 2.5,3,0.2074152330482825,0.3333333333333333,0.1259181002850508,0.5379050298083379,
2026-09-01,Hot,Total bases over 3.5,3,0.1474818985434236,0.3333333333333333,0.1858514347899096,0.907831778772926,
2026-09-01,Hot,Hits over 0.5,3,0.5873935059659204,0.6666666666666666,0.0792731607007461,0.2789036524579015,
2026-09-01,Hot,Hits over 1.5,3,0.2048449718791369,0.0,-0.2048449718791369,-0.8791184136727557,
2026-09-01,Hot,Hits over 2.5,3,0.042006363664453,0.0,-0.042006363664453,-0.3626910670607552,
2026-09-01,Cold,at least 1 home run,11,0.1051102930121813,0.0,-0.1051102930121813,-1.136669507076108,
2026-09-01,Cold,at least 1 hit,11,0.597471394046755,0.8181818181818182,0.2207104241350632,1.4926646745254593,
2026-09-01,Cold,at least 1 walk,11,0.3018077028285521,0.2727272727272727,-0.0290804301012794,-0.2101089157367166,
2026-09-01,Cold,H+R+RBI over 0.5,11,0.6331351578535349,0.8181818181818182,0.1850466603282833,1.2734336796915051,
2026-09-01,Cold,H+R+RBI over 1.5,11,0.4300712097971506,0.7272727272727273,0.2972015174755767,1.9909799282306408,
2026-09-01,Cold,H+R+RBI over 2.5,11,0.2746247174696375,0.2727272727272727,-0.0018974447423648,-0.0140998434854433,
2026-09-01,Cold,H+R+RBI over 3.5,11,0.1616226861549249,0.1818181818181818,0.0201954956632568,0.1819616808922923,
2026-09-01,Cold,Total bases over 0.5,11,0.567978174906986,0.8181818181818182,0.2502036432748322,1.6752178977180123,
2026-09-01,Cold,Total bases over 1.5,11,0.3303515802880698,0.4545454545454545,0.1241938742573847,0.8757595850810079,
2026-09-01,Cold,Total bases over 2.5,11,0.1941733959371195,0.0909090909090909,-0.1032643050280285,-0.8658265626858628,
2026-09-01,Cold,Total bases over 3.5,11,0.1387961760379746,0.0,-0.1387961760379746,-1.3314722465279367,
2026-09-01,Cold,Hits over 0.5,11,0.5798398564331676,0.8181818181818182,0.2383419617486506,1.6015311631394389,
2026-09-01,Cold,Hits over 1.5,11,0.2035091709932135,0.2727272727272727,0.0692181017340591,0.570208444952964,
2026-09-01,Cold,Hits over 2.5,11,0.0438081158745232,0.0909090909090909,0.0471009750345676,0.7632668944246116,
2026-09-01,SLOPE,at least 1 home run,235,,,0.0255329646244956,1.3406820997217588,0.0190447568665194
2026-09-01,SLOPE,at least 1 hit,235,,,-0.0182481185045264,-0.6188974080552186,0.029484884355661
2026-09-01,SLOPE,at least 1 walk,235,,,-0.0008835130681085,-0.0311602233352476,0.0283538747011835
2026-09-01,SLOPE,H+R+RBI over 0.5,235,,,-0.0133749128055489,-0.4794169191406945,0.0278982911773788
2026-09-01,SLOPE,H+R+RBI over 1.5,235,,,0.0082697007726495,0.2740649777393684,0.0301742340114465
2026-09-01,SLOPE,H+R+RBI over 2.5,235,,,0.0405736091830751,1.3857052691458382,0.0292801146726425
2026-09-01,SLOPE,H+R+RBI over 3.5,235,,,0.0259630546842353,1.028909688248078,0.025233560321939
2026-09-01,SLOPE,Total bases over 0.5,235,,,-0.0175554471455011,-0.5928625103656059,0.0296113295048376
2026-09-01,SLOPE,Total bases over 1.5,235,,,0.0165907180158241,0.5600511032091195,0.0296235788497844
2026-09-01,SLOPE,Total bases over 2.5,235,,,0.0377553351903741,1.4404202926069398,0.0262113324729984
2026-09-01,SLOPE,Total bases over 3.5,235,,,0.038863544298908,1.837737922436528,0.0211474899790834
2026-09-01,SLOPE,Hits over 0.5,235,,,-0.0176389312143964,-0.5982791737530183,0.0294827765836257
2026-09-01,SLOPE,Hits over 1.5,235,,,0.0013231547458164,0.0500439267899066,0.0264398665470699
2026-09-01,SLOPE,Hits over 2.5,235,,,-0.0055235742015247,-0.3817481397153202,0.0144691581356332
2026-09-02,Hot,at least 1 home run,5,0.1380009956690173,0.0,-0.1380009956690173,-0.8946903023190783,
2026-09-02,Hot,at least 1 hit,5,0.6099633785104863,0.8,0.1900366214895137,0.8711997245233541,
2026-09-02,Hot,at least 1 walk,5,0.3586141092718769,0.4,0.0413858907281231,0.1929585032386443,
2026-09-02,Hot,H+R+RBI over 0.5,5,0.6708671968515972,1.0,0.3291328031484027,1.5662183504421952,
2026-09-02,Hot,H+R+RBI over 1.5,5,0.468254487634012,0.6,0.1317455123659879,0.590374977676508,
2026-09-02,Hot,H+R+RBI over 2.5,5,0.3070934262514414,0.6,0.2929065737485585,1.4198469084543084,
2026-09-02,Hot,H+R+RBI over 3.5,5,0.1860675582704717,0.0,-0.1860675582704717,-1.0691192565318568,
2026-09-02,Hot,Total bases over 0.5,5,0.6056836748542476,0.8,0.1943163251457524,0.8890966580967704,
2026-09-02,Hot,Total bases over 1.5,5,0.3661305395066748,0.4,0.0338694604933252,0.1572082702129826,
2026-09-02,Hot,Total bases over 2.5,5,0.2208058646812623,0.2,-0.0208058646812622,-0.1121611961115213,
2026-09-02,Hot,Total bases over 3.5,5,0.1573249419316989,0.0,-0.1573249419316989,-0.96617038728045,
2026-09-02,Hot,Hits over 0.5,5,0.5913361456822585,0.8,0.2086638543177416,0.9491435500798664,
2026-09-02,Hot,Hits over 1.5,5,0.213672318411606,0.2,-0.013672318411606,-0.0745849585509037,
2026-09-02,Hot,Hits over 2.5,5,0.0478324248191752,0.0,-0.0478324248191752,-0.501175124489539,
2026-09-02,Cold,at least 1 home run,8,0.1250515582774405,0.125,-5.155827744054986e-05,-0.0004408670159437,
2026-09-02,Cold,at least 1 hit,8,0.5873209293069448,0.625,0.0376790706930552,0.2164717438929581,
2026-09-02,Cold,at least 1 walk,8,0.3119334669261937,0.125,-0.1869334669261937,-1.141263297292193,
2026-09-02,Cold,H+R+RBI over 0.5,8,0.6346057343640017,0.625,-0.0096057343640016,-0.0564212503437614,
2026-09-02,Cold,H+R+RBI over 1.5,8,0.4319170333467799,0.5,0.06808296665322,0.388756277934792,
2026-09-02,Cold,H+R+RBI over 2.5,8,0.2766156010271235,0.25,-0.0266156010271235,-0.168290021873962,
2026-09-02,Cold,H+R+RBI over 3.5,8,0.1633208103184777,0.25,0.0866791896815222,0.6632230165564098,
2026-09-02,Cold,Total bases over 0.5,8,0.5750940854276748,0.625,0.0499059145723251,0.2855493484775608,
2026-09-02,Cold,Total bases over 1.5,8,0.3393554511556661,0.375,0.0356445488443338,0.2129250573381418,
2026-09-02,Cold,Total bases over 2.5,8,0.2015722174216703,0.125,-0.0765722174216703,-0.5398623743075294,
2026-09-02,Cold,Total bases over 3.5,8,0.1439657477284066,0.125,-0.0189657477284066,-0.1528057874443056,
2026-09-02,Cold,Hits over 0.5,8,0.5700588820864181,0.625,0.0549411179135819,0.3138904743846429,
2026-09-02,Cold,Hits over 1.5,8,0.1963572050282871,0.125,-0.0713572050282871,-0.5080750585619741,
2026-09-02,Cold,Hits over 2.5,8,0.0415165911083038,0.0,-0.0415165911083038,-0.5886586593395315,
2026-09-02,SLOPE,at least 1 home run,262,,,0.0202943040175779,1.104692981781342,0.0183709902681312
2026-09-02,SLOPE,at least 1 hit,262,,,0.0159328854773628,0.5658370745088278,0.0281580797638494
2026-09-02,SLOPE,at least 1 walk,262,,,0.0100839180984559,0.3802998806011586,0.0265157014577965
2026-09-02,SLOPE,H+R+RBI over 0.5,262,,,0.0045853467804376,0.1698448508200462,0.026997266966285
2026-09-02,SLOPE,H+R+RBI over 1.5,262,,,0.0339673269643148,1.1813363822186298,0.0287533064041605
2026-09-02,SLOPE,H+R+RBI over 2.5,262,,,0.0684107979198612,2.522489821684513,0.0271203464655317
2026-09-02,SLOPE,H+R+RBI over 3.5,262,,,0.0231690300946053,0.9707494909188692,0.0238671565747353
2026-09-02,SLOPE,Total bases over 0.5,262,,,0.0159084646368934,0.560730246016186,0.0283709765077202
2026-09-02,SLOPE,Total bases over 1.5,262,,,0.0388722525311523,1.3979127922840116,0.0278073516071342
2026-09-02,SLOPE,Total bases over 2.5,262,,,0.0380387566496352,1.6270007050917208,0.0233796804946626
2026-09-02,SLOPE,Total bases over 3.5,262,,,0.0211070088945087,1.047144803188295,0.0201567241037182
2026-09-02,SLOPE,Hits over 0.5,262,,,0.0164693852546083,0.5851312344396058,0.0281464811400496
2026-09-02,SLOPE,Hits over 1.5,262,,,0.0539789906711469,2.2177165857491667,0.0243398958270911
2026-09-02,SLOPE,Hits over 2.5,262,,,0.0165537190044723,1.1483620901121203,0.0144150692077061
2026-09-03,Cold,at least 1 home run,4,0.1051245049465779,0.0,-0.1051245049465779,-0.6854892834043,
2026-09-03,Cold,at least 1 hit,4,0.5938275671117227,0.25,-0.3438275671117227,-1.4001845793052108,
2026-09-03,Cold,at least 1 walk,4,0.3400804484239986,0.5,0.1599195515760013,0.6751421601596144,
2026-09-03,Cold,H+R+RBI over 0.5,4,0.6283999084793523,0.25,-0.3783999084793523,-1.5661200718942248,
2026-09-03,Cold,H+R+RBI over 1.5,4,0.4267289852999279,0.25,-0.1767289852999279,-0.7146307771999884,
2026-09-03,Cold,H+R+RBI over 2.5,4,0.2727597324014701,0.25,-0.0227597324014701,-0.1022040393162696,
2026-09-03,Cold,H+R+RBI over 3.5,4,0.1609664466000878,0.25,0.0890335533999121,0.4845363456272417,
2026-09-03,Cold,Total bases over 0.5,4,0.5648120890509567,0.25,-0.3148120890509567,-1.2699627827837765,
2026-09-03,Cold,Total bases over 1.5,4,0.3267967344918515,0.25,-0.0767967344918515,-0.3274619081633001,
2026-09-03,Cold,Total bases over 2.5,4,0.1904995245721774,0.0,-0.1904995245721774,-0.9702159045769914,
2026-09-03,Cold,Total bases over 3.5,4,0.135798137871737,0.0,-0.135798137871737,-0.7928103372124581,
2026-09-03,Cold,Hits over 0.5,4,0.5753838940377709,0.25,-0.3253838940377709,-1.3165851908994053,
2026-09-03,Cold,Hits over 1.5,4,0.2004530006120733,0.0,-0.2004530006120733,-1.001415427249566,
2026-09-03,Cold,Hits over 2.5,4,0.0428084536063257,0.0,-0.0428084536063257,-0.4229561443320194,
2026-09-03,SLOPE,at least 1 home run,132,,,-0.0023827623361599,-0.1063589949397677,0.0224030166654857
2026-09-03,SLOPE,at least 1 hit,132,,,0.0473737667712046,1.0859808986105697,0.0436230202868353
2026-09-03,SLOPE,at least 1 walk,132,,,-0.0396280869424889,-1.013676500281235,0.0390934256949771
2026-09-03,SLOPE,H+R+RBI over 0.5,132,,,0.0525532934412445,1.2458326425658788,0.0421832689605943
2026-09-03,SLOPE,H+R+RBI over 1.5,132,,,0.0265567288946195,0.6242984052764643,0.0425385179109325
2026-09-03,SLOPE,H+R+RBI over 2.5,132,,,-0.0260908643595758,-0.7306755629463536,0.0357078649987524
2026-09-03,SLOPE,H+R+RBI over 3.5,132,,,-0.0469193824928186,-1.6878702663916212,0.0277979791617067
2026-09-03,SLOPE,Total bases over 0.5,132,,,0.048068472227049,1.1037846951203676,0.0435487758070491
2026-09-03,SLOPE,Total bases over 1.5,132,,,0.0382790966400965,1.0171852931507714,0.0376323732734333
2026-09-03,SLOPE,Total bases over 2.5,132,,,-0.0024481800371184,-0.0880249994159571,0.0278123266499518
2026-09-03,SLOPE,Total bases over 3.5,132,,,-0.0020946610132966,-0.085130170790359,0.0246053895328713
2026-09-03,SLOPE,Hits over 0.5,132,,,0.0479847048147345,1.1017744575120632,0.0435522029827136
2026-09-03,SLOPE,Hits over 1.5,132,,,0.0082260399088446,0.3040559624606134,0.0270543614480517
2026-09-03,SLOPE,Hits over 2.5,132,,,-0.0078747991762244,-1.0300772827200284,0.0076448624858808
2026-09-04,Hot,at least 1 home run,1,0.1446538484918556,0.0,-0.1446538484918556,-0.4112387623045427,
2026-09-04,Hot,at least 1 hit,1,0.6446180373631735,0.0,-0.6446180373631735,-1.3468013282775766,
2026-09-04,Hot,at least 1 walk,1,0.4731899127976028,0.0,-0.4731899127976028,-0.9477432455512724,
2026-09-04,Hot,H+R+RBI over 0.5,1,0.7191485090469035,0.0,-0.7191485090469035,-1.6001876907353914,
2026-09-04,Hot,H+R+RBI over 1.5,1,0.5204992504396958,0.0,-0.5204992504396958,-1.0418745006274142,
2026-09-04,Hot,H+R+RBI over 2.5,1,0.353089586040723,0.0,-0.353089586040723,-0.7387889364401501,
2026-09-04,Hot,H+R+RBI over 3.5,1,0.2216336143214989,0.0,-0.2216336143214989,-0.5336122343167603,
2026-09-04,Hot,Total bases over 0.5,1,0.6397015330072944,0.0,-0.6397015330072944,-1.3324701495678564,
2026-09-04,Hot,Total bases over 1.5,1,0.3959600037502183,0.0,-0.3959600037502183,-0.8096415949654051,
2026-09-04,Hot,Total bases over 2.5,1,0.241966458703162,0.0,-0.241966458703162,-0.5649803884633989,
2026-09-04,Hot,Total bases over 3.5,1,0.1720155438927353,0.0,-0.1720155438927353,-0.4557983561942122,
2026-09-04,Hot,Hits over 0.5,1,0.6242151520725226,0.0,-0.6242151520725226,-1.2888355916786232,
2026-09-04,Hot,Hits over 1.5,1,0.2407201603142656,0.0,-0.2407201603142656,-0.5630608059609802,
2026-09-04,Hot,Hits over 2.5,1,0.0567785899825219,0.0,-0.0567785899825219,-0.2453496690633128,
2026-09-04,Cold,at least 1 home run,12,0.1211673799605384,0.1666666666666666,0.0454992867061282,0.4830023775017225,
2026-09-04,Cold,at least 1 hit,12,0.6203958672514621,0.5,-0.1203958672514621,-0.8594137314691023,
2026-09-04,Cold,at least 1 walk,12,0.3450059572852542,0.3333333333333333,-0.0116726239519208,-0.0850603460723476,
2026-09-04,Cold,H+R+RBI over 0.5,12,0.6666866116998557,0.5833333333333334,-0.0833532783665222,-0.6125281644461585,
2026-09-04,Cold,H+R+RBI over 1.5,12,0.4625357295672301,0.25,-0.2125357295672301,-1.4766417071393598,
2026-09-04,Cold,H+R+RBI over 2.5,12,0.3014730418842091,0.1666666666666666,-0.1348063752175424,-1.017619046596995,
2026-09-04,Cold,H+R+RBI over 3.5,12,0.1810591571008909,0.1666666666666666,-0.0143924904342242,-0.1294762342887855,
2026-09-04,Cold,Total bases over 0.5,12,0.5984525129398646,0.5,-0.0984525129398645,-0.6957194181549596,
2026-09-04,Cold,Total bases over 1.5,12,0.3566846063022041,0.25,-0.1066846063022041,-0.7715040794389733,
2026-09-04,Cold,Total bases over 2.5,12,0.2128258631500386,0.1666666666666666,-0.0461591964833719,-0.3906620756709146,
2026-09-04,Cold,Total bases over 3.5,12,0.1521186084020245,0.1666666666666666,0.0145480582646421,0.1403256074482042,
2026-09-04,Cold,Hits over 0.5,12,0.6013393014101078,0.5,-0.1013393014101078,-0.7169799699048821,
2026-09-04,Cold,Hits over 1.5,12,0.2208310467883298,0.0833333333333333,-0.1374977134549965,-1.148259940658299,
2026-09-04,Cold,Hits over 2.5,12,0.0494057485414196,0.0,-0.0494057485414196,-0.7897357041389048,
2026-09-04,SLOPE,at least 1 home run,303,,,-0.0165042062914333,-0.8527315469339829,0.0193545159092267
2026-09-04,SLOPE,at least 1 hit,303,,,0.0130552757459871,0.4677202723179938,0.0279125719338312
2026-09-04,SLOPE,at least 1 walk,303,,,0.0578441709124269,2.247912248767736,0.0257323972250856
2026-09-04,SLOPE,H+R+RBI over 0.5,303,,,0.00744633525118,0.278502067764512,0.0267370914368805
2026-09-04,SLOPE,H+R+RBI over 1.5,303,,,0.0112243674705278,0.3933179900659682,0.0285376406724879
2026-09-04,SLOPE,H+R+RBI over 2.5,303,,,0.0177764019333162,0.6709913601911088,0.0264927434061942
2026-09-04,SLOPE,H+R+RBI over 3.5,303,,,-0.0251787226077097,-1.136046241710901,0.0221634663125949
2026-09-04,SLOPE,Total bases over 0.5,303,,,0.0160822841633224,0.5732045442715192,0.0280567980907431
2026-09-04,SLOPE,Total bases over 1.5,303,,,0.0252161712523013,0.9202221151343666,0.0274022660807488
2026-09-04,SLOPE,Total bases over 2.5,303,,,-0.0115862873982962,-0.4812061295994338,0.0240775972823557
2026-09-04,SLOPE,Total bases over 3.5,303,,,-0.0162322772490728,-0.7716692968312037,0.0210352767898494
2026-09-04,SLOPE,Hits over 0.5,303,,,0.0141298970979293,0.5058974959172846,0.0279303558763604
2026-09-04,SLOPE,Hits over 1.5,303,,,0.015943681034398,0.6654761038334589,0.0239583073570258
2026-09-04,SLOPE,Hits over 2.5,303,,,0.0041223186744689,0.3425922743778645,0.0120327251452325
2026-09-05,Hot,at least 1 home run,2,0.1139267794748515,0.0,-0.1139267794748515,-0.5070994068931926,
2026-09-05,Hot,at least 1 hit,2,0.6460928946519953,0.5,-0.1460928946519952,-0.4320678666183191,
2026-09-05,Hot,at least 1 walk,2,0.3517717305111711,0.0,-0.3517717305111711,-1.0417931127983209,
2026-09-05,Hot,H+R+RBI over 0.5,2,0.6858055051933303,0.5,-0.1858055051933302,-0.566074779646913,
2026-09-05,Hot,H+R+RBI over 1.5,2,0.4822345564514648,0.5,0.0177654435485352,0.0502800102860568,
2026-09-05,Hot,H+R+RBI over 2.5,2,0.3187654735657373,0.0,-0.3187654735657373,-0.9673915959097358,
2026-09-05,Hot,H+R+RBI over 3.5,2,0.1943582450376985,0.0,-0.1943582450376985,-0.69461714537473,
2026-09-05,Hot,Total bases over 0.5,2,0.6131603388926364,0.5,-0.1131603388926364,-0.3285917931537801,
2026-09-05,Hot,Total bases over 1.5,2,0.3704773305441715,0.5,0.1295226694558284,0.3792925200446286,
2026-09-05,Hot,Total bases over 2.5,2,0.2227689165378329,0.0,-0.2227689165378329,-0.757124349830961,
2026-09-05,Hot,Total bases over 3.5,2,0.1588396996984042,0.0,-0.1588396996984042,-0.6145470563993279,
2026-09-05,Hot,Hits over 0.5,2,0.6254163086105856,0.5,-0.1254163086105856,-0.3664459939778507,
2026-09-05,Hot,Hits over 1.5,2,0.2403526790337087,0.5,0.2596473209662912,0.8593465838088077,
2026-09-05,Hot,Hits over 2.5,2,0.055534014840928,0.0,-0.055534014840928,-0.3429267575178562,
2026-09-05,Cold,at least 1 home run,7,0.1434979147533203,0.1428571428571428,-0.0006407718961774,-0.0048357681246782,
2026-09-05,Cold,at least 1 hit,7,0.5965142726062828,0.7142857142857143,0.1177714416794315,0.6351327441695931,
2026-09-05,Cold,at least 1 walk,7,0.3778866292405166,0.1428571428571428,-0.2350294863833738,-1.2824954735506735,
2026-09-05,Cold,H+R+RBI over 0.5,7,0.6547396204756809,0.7142857142857143,0.0595460938100333,0.3313558286223951,
2026-09-05,Cold,H+R+RBI over 1.5,7,0.4506440837163669,0.5714285714285714,0.1207844877122045,0.6422682325527774,
2026-09-05,Cold,H+R+RBI over 2.5,7,0.2916252685267128,0.2857142857142857,-0.0059109828124271,-0.0344084104508007,
2026-09-05,Cold,H+R+RBI over 3.5,7,0.1739152727392637,0.2857142857142857,0.111799012975022,0.7803794632369826,
2026-09-05,Cold,Total bases over 0.5,7,0.5994354148702185,0.7142857142857143,0.1148502994154958,0.6201170582053686,
2026-09-05,Cold,Total bases over 1.5,7,0.3584359352182353,0.4285714285714285,0.0701354933531932,0.3869555583011574,
2026-09-05,Cold,Total bases over 2.5,7,0.2143032814345,0.2857142857142857,0.0714110042797856,0.4604391892968141,
2026-09-05,Cold,Total bases over 3.5,7,0.1530199677972245,0.1428571428571428,-0.0101628249400816,-0.0746883432020769,
2026-09-05,Cold,Hits over 0.5,7,0.5789787876360063,0.7142857142857143,0.135306926649708,0.7250796803459859,
2026-09-05,Cold,Hits over 1.5,7,0.2001864053816222,0.1428571428571428,-0.0573292625244793,-0.3790650059625248,
2026-09-05,Cold,Hits over 2.5,7,0.0415457993422588,0.0,-0.0415457993422588,-0.5508418105021554,
2026-09-05,SLOPE,at least 1 home run,261,,,-0.0082726575103331,-0.4033809987063676,0.0205082974578954
2026-09-05,SLOPE,at least 1 hit,261,,,0.0414021773062138,1.371453061670021,0.0301885485280832
2026-09-05,SLOPE,at least 1 walk,261,,,0.0027466950892392,0.0989107440914364,0.0277694310609987
2026-09-05,SLOPE,H+R+RBI over 0.5,261,,,0.0356232799386756,1.258234095004113,0.0283121241747618
2026-09-05,SLOPE,H+R+RBI over 1.5,261,,,0.0408914043175147,1.3230298373813891,0.0309073938940403
2026-09-05,SLOPE,H+R+RBI over 2.5,261,,,0.0333120682862516,1.1533278758261607,0.0288834328766997
2026-09-05,SLOPE,H+R+RBI over 3.5,261,,,-0.0072427870062447,-0.3008018475948815,0.0240782663542655
2026-09-05,SLOPE,Total bases over 0.5,261,,,0.0479221532535669,1.597496097624662,0.0299982912789727
2026-09-05,SLOPE,Total bases over 1.5,261,,,0.0262796455697881,0.8695610232965242,0.0302217381710158
2026-09-05,SLOPE,Total bases over 2.5,261,,,-0.0212076489999743,-0.8209544337345661,0.0258329185256964
2026-09-05,SLOPE,Total bases over 3.5,261,,,-0.0151652860057146,-0.6729343510028084,0.0225360556837606
2026-09-05,SLOPE,Hits over 0.5,261,,,0.0423336894514541,1.402988877127856,0.03017393091392
2026-09-05,SLOPE,Hits over 1.5,261,,,0.0281220807452586,1.0712799214634432,0.0262509174136689
2026-09-05,SLOPE,Hits over 2.5,261,,,-0.0040414995787382,-0.3361875404614236,0.0120215626468226
2026-09-06,Hot,at least 1 home run,2,0.1157225357116143,0.0,-0.1157225357116143,-0.5115990035164029,
2026-09-06,Hot,at least 1 hit,2,0.6161954276825328,0.5,-0.1161954276825327,-0.3379011958743519,
2026-09-06,Hot,at least 1 walk,2,0.4960200547464807,0.0,-0.4960200547464807,-1.4030010249391711,
2026-09-06,Hot,H+R+RBI over 0.5,2,0.6694573013391011,0.5,-0.169457301339101,-0.5094482305839226,
2026-09-06,Hot,H+R+RBI over 1.5,2,0.4658098010911218,0.5,0.0341901989088781,0.0969313711991314,
2026-09-06,Hot,H+R+RBI over 2.5,2,0.3041230925057172,0.0,-0.3041230925057172,-0.934917920566576,
2026-09-06,Hot,H+R+RBI over 3.5,2,0.1828288289099746,0.0,-0.1828288289099746,-0.6689302227862473,
2026-09-06,Hot,Total bases over 0.5,2,0.6111547973418381,0.5,-0.111154797341838,-0.322462505306773,
2026-09-06,Hot,Total bases over 1.5,2,0.3564991287721981,0.0,-0.3564991287721981,-1.0526152669026194,
2026-09-06,Hot,Total bases over 2.5,2,0.2019821220153136,0.0,-0.2019821220153136,-0.7114840239398297,
2026-09-06,Hot,Total bases over 3.5,2,0.1357822828498355,0.0,-0.1357822828498355,-0.560563696200981,
2026-09-06,Hot,Hits over 0.5,2,0.5974610533737261,0.5,-0.0974610533737261,-0.2810524307910909,
2026-09-06,Hot,Hits over 1.5,2,0.2145406427140299,0.0,-0.2145406427140299,-0.7391080417212429,
2026-09-06,Hot,Hits over 2.5,2,0.0456397098228655,0.0,-0.0456397098228655,-0.3092646309922038,
2026-09-06,Cold,at least 1 home run,7,0.1312758223024827,0.4285714285714285,0.2972956062689458,2.3291860631901327,
2026-09-06,Cold,at least 1 hit,7,0.5950850172218621,0.5714285714285714,-0.0236564457932907,-0.1275049614273724,
2026-09-06,Cold,at least 1 walk,7,0.3671846586596521,0.1428571428571428,-0.2243275158025093,-1.2312629281312653,
2026-09-06,Cold,H+R+RBI over 0.5,7,0.6536400206468652,0.5714285714285714,-0.0822114492182938,-0.4571388736925179,
2026-09-06,Cold,H+R+RBI over 1.5,7,0.4494433574250129,0.5714285714285714,0.1219852140035585,0.6488102853166067,
2026-09-06,Cold,H+R+RBI over 2.5,7,0.2903565780756932,0.4285714285714285,0.1382148504957353,0.8055969306553603,
2026-09-06,Cold,H+R+RBI over 3.5,7,0.1726481624640125,0.1428571428571428,-0.0297910196068696,-0.2085490852388994,
2026-09-06,Cold,Total bases over 0.5,7,0.5725206946718108,0.5714285714285714,-0.0010921232432393,-0.0058407353436896,
2026-09-06,Cold,Total bases over 1.5,7,0.3421936918482229,0.4285714285714285,0.0863777367232055,0.481687996346519,
2026-09-06,Cold,Total bases over 2.5,7,0.2104712816320886,0.4285714285714285,0.2181001469393398,1.4155479642125175,
2026-09-06,Cold,Total bases over 3.5,7,0.1580476594861017,0.4285714285714285,0.2705237690853268,1.9620797742733136,
2026-09-06,Cold,Hits over 0.5,7,0.5774633046550123,0.5714285714285714,-0.0060347332264408,-0.0323230760971677,
2026-09-06,Cold,Hits over 1.5,7,0.1994637599619798,0.0,-0.1994637599619798,-1.3206584733929327,
2026-09-06,Cold,Hits over 2.5,7,0.0412265920948224,0.0,-0.0412265920948224,-0.5486302478806163,
2026-09-06,SLOPE,at least 1 home run,238,,,-0.0179945776182444,-0.9039259662392144,0.0199071365248095
2026-09-06,SLOPE,at least 1 hit,238,,,0.0215730838622943,0.7289295855484841,0.029595566279645
2026-09-06,SLOPE,at least 1 walk,238,,,0.0388056916097243,1.4289171871897566,0.0271574111905275
2026-09-06,SLOPE,H+R+RBI over 0.5,238,,,0.0248243008215797,0.8650504965779404,0.0286969384097025
2026-09-06,SLOPE,H+R+RBI over 1.5,238,,,0.0180821810926071,0.6051162295166242,0.0298821618237729
2026-09-06,SLOPE,H+R+RBI over 2.5,238,,,-0.0211526924356142,-0.759332974687386,0.0278569391041166
2026-09-06,SLOPE,H+R+RBI over 3.5,238,,,0.002536478608306,0.1089095632466245,0.0232897693525979
2026-09-06,SLOPE,Total bases over 0.5,238,,,0.0230941888763058,0.7795529144605011,0.0296249150608184
2026-09-06,SLOPE,Total bases over 1.5,238,,,-0.0075095556612648,-0.2649143865737619,0.0283471039772084
2026-09-06,SLOPE,Total bases over 2.5,238,,,-0.013330928176106,-0.5318027169976487,0.0250674314929552
2026-09-06,SLOPE,Total bases over 3.5,238,,,-0.0216872767030499,-0.9642869659189732,0.0224904799811141
2026-09-06,SLOPE,Hits over 0.5,238,,,0.022154517907474,0.74752437057568,0.0296371847922664
2026-09-06,SLOPE,Hits over 1.5,238,,,0.0142875737325806,0.6069890904651235,0.0235384357923671
2026-09-06,SLOPE,Hits over 2.5,238,,,0.0092242694858195,0.7658744294637625,0.0120441016581243
2026-09-07,Hot,at least 1 home run,2,0.1296338836920327,0.5,0.3703661163079673,1.559322665182756,
2026-09-07,Hot,at least 1 hit,2,0.6782579945809316,1.0,0.3217420054190684,0.9740279501509836,
2026-09-07,Hot,at least 1 walk,2,0.3191551824750047,0.0,-0.3191551824750047,-0.9682597531842746,
2026-09-07,Hot,H+R+RBI over 0.5,2,0.7094263163757469,1.0,0.290573683624253,0.9050852555045732,
2026-09-07,Hot,H+R+RBI over 1.5,2,0.5104535506805867,0.5,-0.0104535506805867,-0.0295735704069885,
2026-09-07,Hot,H+R+RBI over 2.5,2,0.3438250259682668,0.5,0.1561749740317332,0.4649945541708452,
2026-09-07,Hot,H+R+RBI over 3.5,2,0.2142530131606431,0.5,0.2857469868393568,0.9848992937634488,
2026-09-07,Hot,Total bases over 0.5,2,0.6523233080185096,1.0,0.3476766919814904,1.0324554901684408,
2026-09-07,Hot,Total bases over 1.5,2,0.4214834280504353,1.0,0.5785165719495646,1.6568479244073504,
2026-09-07,Hot,Total bases over 2.5,2,0.2634094969807394,0.5,0.2365905030192605,0.7595975117023018,
2026-09-07,Hot,Total bases over 3.5,2,0.1823959884686672,0.5,0.3176040115313327,1.1631127835220694,
2026-09-07,Hot,Hits over 0.5,2,0.6555265803387954,1.0,0.3444734196612046,1.0251742824849,
2026-09-07,Hot,Hits over 1.5,2,0.2732314789816253,0.5,0.2267685210183746,0.7196715671593439,
2026-09-07,Hot,Hits over 2.5,2,0.07113485936313,0.0,-0.07113485936313,-0.391363125896827,
2026-09-07,Cold,at least 1 home run,6,0.1269298422351989,0.0,-0.1269298422351989,-0.9339699932120984,
2026-09-07,Cold,at least 1 hit,6,0.5813668286335004,0.5,-0.0813668286335004,-0.4039997267389845,
2026-09-07,Cold,at least 1 walk,6,0.3115318702741103,0.5,0.1884681297258896,0.9968283579844408,
2026-09-07,Cold,H+R+RBI over 0.5,6,0.6460777870945092,0.6666666666666666,0.0205888795721573,0.1054658903399922,
2026-09-07,Cold,H+R+RBI over 1.5,6,0.4408958733209467,0.3333333333333333,-0.1075625399876133,-0.5306672773583333,
2026-09-07,Cold,H+R+RBI over 2.5,6,0.2817676987435297,0.0,-0.2817676987435297,-1.5342239614797524,
2026-09-07,Cold,H+R+RBI over 3.5,6,0.1656609535178679,0.0,-0.1656609535178679,-1.0914765744439214,
2026-09-07,Cold,Total bases over 0.5,6,0.5626664453852177,0.5,-0.0626664453852177,-0.3094416568653394,
2026-09-07,Cold,Total bases over 1.5,6,0.334936168849655,0.1666666666666666,-0.1682695021829884,-0.8733098247557818,
2026-09-07,Cold,Total bases over 2.5,6,0.2021723430529328,0.0,-0.2021723430529328,-1.2330535950842705,
2026-09-07,Cold,Total bases over 3.5,6,0.1505016996678017,0.0,-0.1505016996678017,-1.031015205523576,
2026-09-07,Cold,Hits over 0.5,6,0.5649901585380995,0.5,-0.0649901585380995,-0.3211095625473809,
2026-09-07,Cold,Hits over 1.5,6,0.1879025672240256,0.1666666666666666,-0.021235900557359,-0.1331606426726475,
2026-09-07,Cold,Hits over 2.5,6,0.0370370069112411,0.0,-0.0370370069112411,-0.4803842585294184,
2026-09-07,SLOPE,at least 1 home run,189,,,-0.015010703132094,-0.7415565482476842,0.0202421557298154
2026-09-07,SLOPE,at least 1 hit,189,,,-0.0207030949941067,-0.5985463178221889,0.0345889605827581
2026-09-07,SLOPE,at least 1 walk,189,,,0.0204704566758148,0.644246844054837,0.0317742443982736
2026-09-07,SLOPE,H+R+RBI over 0.5,189,,,-0.0303938687075695,-0.9137279405397628,0.033263586850168
2026-09-07,SLOPE,H+R+RBI over 1.5,189,,,-0.0108599989773003,-0.3143439831429307,0.0345481369444962
2026-09-07,SLOPE,H+R+RBI over 2.5,189,,,0.0046913208185816,0.1529054922503312,0.0306811792666102
2026-09-07,SLOPE,H+R+RBI over 3.5,189,,,0.0184440031254164,0.7339081472303952,0.0251312145736765
2026-09-07,SLOPE,Total bases over 0.5,189,,,-0.0199612615712033,-0.5773941642698174,0.0345712908207978
2026-09-07,SLOPE,Total bases over 1.5,189,,,0.0112683672987268,0.3476953150043849,0.0324087406774082
2026-09-07,SLOPE,Total bases over 2.5,189,,,0.0093392503819149,0.3713481029544664,0.0251495841977144
2026-09-07,SLOPE,Total bases over 3.5,189,,,0.0085691831964957,0.3735690290924048,0.0229386874423576
2026-09-07,SLOPE,Hits over 0.5,189,,,-0.0200479335229911,-0.5798695362489599,0.0345731794304569
2026-09-07,SLOPE,Hits over 1.5,189,,,0.0072013457310849,0.2517769628910034,0.0286020835599741
2026-09-07,SLOPE,Hits over 2.5,189,,,-0.0063979684141617,-0.5253825589202948,0.0121777327882945
2026-09-08,Hot,at least 1 home run,7,0.1282925253157113,0.1428571428571428,0.0145646175414314,0.115229066312536,
2026-09-08,Hot,at least 1 hit,7,0.6342546147817029,0.7142857142857143,0.0800310995040114,0.4396292279749206,
2026-09-08,Hot,at least 1 walk,7,0.3506950426936293,0.4285714285714285,0.0778763858777992,0.4317830956214173,
2026-09-08,Hot,H+R+RBI over 0.5,7,0.6807423854473864,0.8571428571428571,0.1764004716954706,1.0011213743962042,
2026-09-08,Hot,H+R+RBI over 1.5,7,0.4785801155784223,0.7142857142857143,0.235705598707292,1.2483828643829484,
2026-09-08,Hot,H+R+RBI over 2.5,7,0.3162812859028492,0.2857142857142857,-0.0305670001885635,-0.1739107220229586,
2026-09-08,Hot,H+R+RBI over 3.5,7,0.1927777089597296,0.2857142857142857,0.0929365767545561,0.6233194963979587,
2026-09-08,Hot,Total bases over 0.5,7,0.6121158090560715,0.7142857142857143,0.1021699052296427,0.5547587651840968,
2026-09-08,Hot,Total bases over 1.5,7,0.3772953355586413,0.4285714285714285,0.0512760930127871,0.2798866404217074,
2026-09-08,Hot,Total bases over 2.5,7,0.2293474073432588,0.1428571428571428,-0.0864902644861159,-0.5443020948281434,
2026-09-08,Hot,Total bases over 3.5,7,0.1636326829137407,0.1428571428571428,-0.0207755400565978,-0.1485825439169144,
2026-09-08,Hot,Hits over 0.5,7,0.6143664938154315,0.7142857142857143,0.0999192204702827,0.5431214005441192,
2026-09-08,Hot,Hits over 1.5,7,0.2330951287302797,0.2857142857142857,0.0526191569840059,0.3292725742164961,
2026-09-08,Hot,Hits over 2.5,7,0.0543800670257852,0.0,-0.0543800670257852,-0.634469252341714,
2026-09-08,Cold,at least 1 home run,12,0.1311590595932619,0.0,-0.1311590595932619,-1.3459211929088526,
2026-09-08,Cold,at least 1 hit,12,0.6137256904358757,0.5833333333333334,-0.0303923571025422,-0.2162319886222029,
2026-09-08,Cold,at least 1 walk,12,0.3429671670736054,0.0833333333333333,-0.2596338337402721,-1.8946635488732169,
2026-09-08,Cold,H+R+RBI over 0.5,12,0.6721219828230541,0.6666666666666666,-0.0054553161563875,-0.0402559748135745,
2026-09-08,Cold,H+R+RBI over 1.5,12,0.4694252819169723,0.5,0.0305747180830276,0.2122250137667819,
2026-09-08,Cold,H+R+RBI over 2.5,12,0.3083840678369023,0.1666666666666666,-0.1417174011702357,-1.0630050839751573,
2026-09-08,Cold,H+R+RBI over 3.5,12,0.1867882464839601,0.0833333333333333,-0.1034549131506268,-0.9195284006808933,
2026-09-08,Cold,Total bases over 0.5,12,0.5930141863221959,0.5833333333333334,-0.0096808529888625,-0.0682624813741251,
2026-09-08,Cold,Total bases over 1.5,12,0.3579037159513871,0.3333333333333333,-0.0245703826180537,-0.1775494619328167,
2026-09-08,Cold,Total bases over 2.5,12,0.2174723574759363,0.0,-0.2174723574759363,-1.8261767545168863,
2026-09-08,Cold,Total bases over 3.5,12,0.159428280072412,0.0,-0.159428280072412,-1.5086410344870904,
2026-09-08,Cold,Hits over 0.5,12,0.595204323571515,0.5833333333333334,-0.0118709902381816,-0.0837773462892824,
2026-09-08,Cold,Hits over 1.5,12,0.2164309870587153,0.0833333333333333,-0.1330976537253819,-1.1195994492620145,
2026-09-08,Cold,Hits over 2.5,12,0.0484738149312288,0.0,-0.0484738149312288,-0.7818687422865463,
2026-09-08,SLOPE,at least 1 home run,264,,,-0.007119261500584,-0.3758333634601626,0.0189426011438674
2026-09-08,SLOPE,at least 1 hit,264,,,-0.0091204547831484,-0.3211667931079592,0.0283978760534019
2026-09-08,SLOPE,at least 1 walk,264,,,0.0125789393830799,0.4713673052523215,0.0266860667740764
2026-09-08,SLOPE,H+R+RBI over 0.5,264,,,0.0044491170232917,0.1616871961446584,0.0275168172210196
2026-09-08,SLOPE,H+R+RBI over 1.5,264,,,-0.0204277337519739,-0.7032927691776356,0.0290458464059856
2026-09-08,SLOPE,H+R+RBI over 2.5,264,,,-0.025570167477171,-0.988787470347591,0.0258601248943641
2026-09-08,SLOPE,H+R+RBI over 3.5,264,,,-0.0182910597274292,-0.8500050711749668,0.0215187654141232
2026-09-08,SLOPE,Total bases over 0.5,264,,,-0.0084435063013128,-0.2971891797436022,0.0284112170860238
2026-09-08,SLOPE,Total bases over 1.5,264,,,-0.004292228577712,-0.1518847755853685,0.0282597683748729
2026-09-08,SLOPE,Total bases over 2.5,264,,,-0.011058395504907,-0.4797039915090216,0.0230525401094125
2026-09-08,SLOPE,Total bases over 3.5,264,,,0.0019429106369679,0.0922388792324358,0.0210639011785036
2026-09-08,SLOPE,Hits over 0.5,264,,,-0.008491435611175,-0.298900248836504,0.0284089278755329
2026-09-08,SLOPE,Hits over 1.5,264,,,-0.0092554225824806,-0.3854603493343516,0.024011347985503
2026-09-08,SLOPE,Hits over 2.5,264,,,-0.0046625165958505,-0.4169186089433047,0.0111832777329558
2026-09-09,Hot,at least 1 home run,4,0.1482607252452993,0.25,0.1017392747547006,0.5726011767736634,
2026-09-09,Hot,at least 1 hit,4,0.6270811141767576,0.75,0.1229188858232424,0.5083695868271664,
2026-09-09,Hot,at least 1 walk,4,0.3849172145815682,0.25,-0.1349172145815682,-0.5545579156277408,
2026-09-09,Hot,H+R+RBI over 0.5,4,0.6860170104216226,1.0,0.3139829895783774,1.3530555079058997,
2026-09-09,Hot,H+R+RBI over 1.5,4,0.482905925311391,0.75,0.2670940746886089,1.0690012215274218,
2026-09-09,Hot,H+R+RBI over 2.5,4,0.3185788765301334,0.75,0.4314211234698665,1.8518897026308063,
2026-09-09,Hot,H+R+RBI over 3.5,4,0.1937733351631809,0.5,0.3062266648368191,1.5495208132187552,
2026-09-09,Hot,Total bases over 0.5,4,0.6043204658704348,0.75,0.1456795341295652,0.5958309994774976,
2026-09-09,Hot,Total bases over 1.5,4,0.379325193184418,0.75,0.370674806815582,1.5278656352319504,
2026-09-09,Hot,Total bases over 2.5,4,0.2416065572703001,0.5,0.2583934427296999,1.2072851003733285,
2026-09-09,Hot,Total bases over 3.5,4,0.1804339714820187,0.5,0.3195660285179813,1.6620323500700889,
2026-09-09,Hot,Hits over 0.5,4,0.607403443127224,0.75,0.1425965568727759,0.5840192562963605,
2026-09-09,Hot,Hits over 1.5,4,0.2249208844792144,0.5,0.2750791155207855,1.3176489069425543,
2026-09-09,Hot,Hits over 2.5,4,0.0501749253146858,0.25,0.1998250746853141,1.830689948557056,
2026-09-09,Cold,at least 1 home run,9,0.1409294629454918,0.1111111111111111,-0.0298183518343807,-0.2570926014224678,
2026-09-09,Cold,at least 1 hit,9,0.611699773933085,0.6666666666666666,0.0549668927335816,0.338352554841673,
2026-09-09,Cold,at least 1 walk,9,0.3139346905817675,0.2222222222222222,-0.0917124683595452,-0.5928533148278257,
2026-09-09,Cold,H+R+RBI over 0.5,9,0.6693668381533929,0.7777777777777778,0.1084109396243848,0.6913358237479423,
2026-09-09,Cold,H+R+RBI over 1.5,9,0.4668349794582342,0.5555555555555556,0.0887205760973213,0.5334983598312025,
2026-09-09,Cold,H+R+RBI over 2.5,9,0.3058024832465731,0.5555555555555556,0.2497530723089824,1.6261854175173345,
2026-09-09,Cold,H+R+RBI over 3.5,9,0.1848609978824152,0.2222222222222222,0.037361224339807,0.2887379516930814,
2026-09-09,Cold,Total bases over 0.5,9,0.5899399961210917,0.6666666666666666,0.0767266705455749,0.4679936727218592,
2026-09-09,Cold,Total bases over 1.5,9,0.3609756248424556,0.4444444444444444,0.0834688196019887,0.521372206570447,
2026-09-09,Cold,Total bases over 2.5,9,0.2250846521263877,0.2222222222222222,-0.0028624299041655,-0.0205615591041226,
2026-09-09,Cold,Total bases over 3.5,9,0.1687530488769682,0.1111111111111111,-0.0576419377658571,-0.4617096803579885,
2026-09-09,Cold,Hits over 0.5,9,0.5928894547932898,0.6666666666666666,0.0737772118733768,0.4505058703889411,
2026-09-09,Cold,Hits over 1.5,9,0.2157401043908957,0.4444444444444444,0.2287043400535487,1.668016010826059,
2026-09-09,Cold,Hits over 2.5,9,0.0488697280944885,0.0,-0.0488697280944885,-0.6800192609605782,
2026-09-09,SLOPE,at least 1 home run,224,,,0.0272148573239065,1.2065869962931774,0.0225552383769382
2026-09-09,SLOPE,at least 1 hit,224,,,-0.0070310793738196,-0.2261396250446695,0.0310917618813189
2026-09-09,SLOPE,at least 1 walk,224,,,0.0305046374416095,1.015557183694897,0.0300373410098136
2026-09-09,SLOPE,H+R+RBI over 0.5,224,,,-0.0016027066994918,-0.0553962998311555,0.0289316561643422
2026-09-09,SLOPE,H+R+RBI over 1.5,224,,,-0.0166180144390176,-0.5093449539845791,0.0326262473182777
2026-09-09,SLOPE,H+R+RBI over 2.5,224,,,-0.0049046821454451,-0.159522814524041,0.0307459604450869
2026-09-09,SLOPE,H+R+RBI over 3.5,224,,,0.0163726211858199,0.6499384923340252,0.0251910317344391
2026-09-09,SLOPE,Total bases over 0.5,224,,,-0.0061282876797432,-0.197099938423206,0.0310922861202768
2026-09-09,SLOPE,Total bases over 1.5,224,,,0.0245690436039712,0.780696937437492,0.0314706545213499
2026-09-09,SLOPE,Total bases over 2.5,224,,,0.0180180803128651,0.6876692254807514,0.0262016673790639
2026-09-09,SLOPE,Total bases over 3.5,224,,,0.0380799951687773,1.5896088230310852,0.0239555761248015
2026-09-09,SLOPE,Hits over 0.5,224,,,-0.0062516242611746,-0.2010677363130792,0.0310921303228893
2026-09-09,SLOPE,Hits over 1.5,224,,,-0.0182278215640314,-0.678257723274021,0.0268744769702641
2026-09-09,SLOPE,Hits over 2.5,224,,,0.013289699905772,0.9293556454214776,0.0142999076524089
2026-09-10,Cold,at least 1 home run,4,0.1241080405969017,0.25,0.1258919594030982,0.7636647761894302,
2026-09-10,Cold,at least 1 hit,4,0.5906887644270866,0.75,0.1593112355729133,0.6479928493152773,
2026-09-10,Cold,at least 1 walk,4,0.3226534293994313,0.25,-0.0726534293994313,-0.3108225388627478,
2026-09-10,Cold,H+R+RBI over 0.5,4,0.6498732915806089,0.75,0.100126708419391,0.4198101843973038,
2026-09-10,Cold,H+R+RBI over 1.5,4,0.4457531294789322,0.5,0.0542468705210677,0.2182759360892008,
2026-09-10,Cold,H+R+RBI over 2.5,4,0.2883075811776133,0.5,0.2116924188223866,0.9346760183975616,
2026-09-10,Cold,H+R+RBI over 3.5,4,0.1714683245836651,0.5,0.3285316754163349,1.743254254071319,
2026-09-10,Cold,Total bases over 0.5,4,0.5704507235192128,0.75,0.1795492764807872,0.7254343091029282,
2026-09-10,Cold,Total bases over 1.5,4,0.3306603090147733,0.75,0.4193396909852267,1.7827138699438414,
2026-09-10,Cold,Total bases over 2.5,4,0.1974729676543925,0.25,0.0525270323456074,0.2638938073860298,
2026-09-10,Cold,Total bases over 3.5,4,0.1460594287725949,0.25,0.103940571227405,0.5886219758453592,
2026-09-10,Cold,Hits over 0.5,4,0.5735056491450482,0.75,0.1764943508549518,0.7137322376911942,
2026-09-10,Cold,Hits over 1.5,4,0.1955823748524606,0.25,0.0544176251475393,0.2743872543494378,
2026-09-10,Cold,Hits over 2.5,4,0.0397972575968278,0.0,-0.0397972575968278,-0.4071693678541311,
2026-09-10,SLOPE,at least 1 home run,75,,,-0.0493202340276458,-1.437976484388119,0.0342983592312584
2026-09-10,SLOPE,at least 1 hit,75,,,-0.1103687753381744,-1.7518983639579686,0.0629995310280581
2026-09-10,SLOPE,at least 1 walk,75,,,0.0099131494851732,0.1837855689582497,0.0539386717975945
2026-09-10,SLOPE,H+R+RBI over 0.5,75,,,-0.1260781937531843,-2.010645083487636,0.06270534505995
2026-09-10,SLOPE,H+R+RBI over 1.5,75,,,-0.041337561557489,-0.7065961049245728,0.05850239092657
2026-09-10,SLOPE,H+R+RBI over 2.5,75,,,-0.0813634705906279,-1.6282699701729395,0.0499692754156648
2026-09-10,SLOPE,H+R+RBI over 3.5,75,,,-0.0827935002005633,-2.129823560426478,0.0388734079850185
2026-09-10,SLOPE,Total bases over 0.5,75,,,-0.109565664346487,-1.7403086763700433,0.0629576039205989
2026-09-10,SLOPE,Total bases over 1.5,75,,,-0.1245633397015974,-2.3683499095368865,0.0525949899548225
2026-09-10,SLOPE,Total bases over 2.5,75,,,-0.0364890486827002,-0.8785303940504166,0.0415341904273447
2026-09-10,SLOPE,Total bases over 3.5,75,,,-0.0276216475534091,-0.6985314884526467,0.0395424515716467
2026-09-10,SLOPE,Hits over 0.5,75,,,-0.1096884063881944,-1.7420900228851133,0.0629636843947576
2026-09-10,SLOPE,Hits over 1.5,75,,,-0.0434777350667043,-1.030655052570845,0.0421845650086848
2026-09-10,SLOPE,Hits over 2.5,75,,,0.0031023578185547,0.2078912428317695,0.0149229846158802
2026-09-11,Hot,at least 1 home run,4,0.1202443273553355,0.0,-0.1202443273553355,-0.7394030818227401,
2026-09-11,Hot,at least 1 hit,4,0.6566971016293014,0.0,-0.6566971016293014,-2.7661377933532227,
2026-09-11,Hot,at least 1 walk,4,0.3769439009745063,0.25,-0.1269439009745063,-0.5238897476017194,
2026-09-11,Hot,H+R+RBI over 0.5,4,0.7009204674141162,0.0,-0.7009204674141162,-3.0617591189593107,
2026-09-11,Hot,H+R+RBI over 1.5,4,0.5003354913366477,0.0,-0.5003354913366477,-2.001342415866579,
2026-09-11,Hot,H+R+RBI over 2.5,4,0.3348296420324481,0.0,-0.3348296420324481,-1.418977474088767,
2026-09-11,Hot,H+R+RBI over 3.5,4,0.2073005310775257,0.0,-0.2073005310775257,-1.0227651454544051,
2026-09-11,Hot,Total bases over 0.5,4,0.6313934649366627,0.0,-0.6313934649366627,-2.6175713082841217,
2026-09-11,Hot,Total bases over 1.5,4,0.3933648013656506,0.0,-0.3933648013656506,-1.6105119104409624,
2026-09-11,Hot,Total bases over 2.5,4,0.2379564188684199,0.0,-0.2379564188684199,-1.1176062021201016,
2026-09-11,Hot,Total bases over 3.5,4,0.1637223808558992,0.0,-0.1637223808558992,-0.8849297269556742,
2026-09-11,Hot,Hits over 0.5,4,0.6348707357848546,0.0,-0.6348707357848546,-2.637238025614953,
2026-09-11,Hot,Hits over 1.5,4,0.2527743747072664,0.0,-0.2527743747072664,-1.163243513432344,
2026-09-11,Hot,Hits over 2.5,4,0.0624316049634562,0.0,-0.0624316049634562,-0.5160963243069173,
2026-09-11,Cold,at least 1 home run,5,0.1200856838167105,0.0,-0.1200856838167105,-0.8260577841848518,
2026-09-11,Cold,at least 1 hit,5,0.5919652526571133,0.4,-0.1919652526571132,-0.8733954906243321,
2026-09-11,Cold,at least 1 walk,5,0.3198451483797626,0.8,0.4801548516202374,2.301932262454952,
2026-09-11,Cold,H+R+RBI over 0.5,5,0.6478927749398264,0.4,-0.2478927749398264,-1.1605392536103316,
2026-09-11,Cold,H+R+RBI over 1.5,5,0.4428617756815467,0.4,-0.0428617756815467,-0.192947690608668,
2026-09-11,Cold,H+R+RBI over 2.5,5,0.2841788186811292,0.2,-0.0841788186811292,-0.417339704420859,
2026-09-11,Cold,H+R+RBI over 3.5,5,0.1680380892346202,0.0,-0.1680380892346202,-1.004933091995214,
2026-09-11,Cold,Total bases over 0.5,5,0.5716288031411556,0.4,-0.1716288031411555,-0.7755467697958133,
2026-09-11,Cold,Total bases over 1.5,5,0.3401802474858185,0.2,-0.1401802474858184,-0.6616139016265359,
2026-09-11,Cold,Total bases over 2.5,5,0.2046645169515081,0.2,-0.0046645169515081,-0.0258520639308033,
2026-09-11,Cold,Total bases over 3.5,5,0.1480215062802938,0.0,-0.1480215062802938,-0.9320368764938294,
2026-09-11,Cold,Hits over 0.5,5,0.5744165479456053,0.4,-0.1744165479456052,-0.7887999075329889,
2026-09-11,Cold,Hits over 1.5,5,0.197875376672466,0.2,0.002124623327534,0.0119247737053072,
2026-09-11,Cold,Hits over 2.5,5,0.0412928030949021,0.0,-0.0412928030949021,-0.4640654018193387,
2026-09-11,SLOPE,at least 1 home run,223,,,0.0066179303835145,0.3521495690935588,0.0187929532344716
2026-09-11,SLOPE,at least 1 hit,223,,,0.0223620230174523,0.6717513127022977,0.0332891392909903
2026-09-11,SLOPE,at least 1 walk,223,,,0.0189373906922453,0.5936620917626495,0.0318992756233064
2026-09-11,SLOPE,H+R+RBI over 0.5,223,,,0.0363724117163811,1.1657311243481996,0.0312013730753892
2026-09-11,SLOPE,H+R+RBI over 1.5,223,,,0.0587042500168384,1.7679028553085978,0.0332055858389296
2026-09-11,SLOPE,H+R+RBI over 2.5,223,,,0.0348871542968665,1.1526692767511904,0.0302664042501387
2026-09-11,SLOPE,H+R+RBI over 3.5,223,,,0.0200567566671985,0.8122595555685348,0.0246925462799388
2026-09-11,SLOPE,Total bases over 0.5,223,,,0.0229742061516718,0.6902320785469095,0.0332847557593057
2026-09-11,SLOPE,Total bases over 1.5,223,,,0.0321604042282572,0.995051312313683,0.0323203475341168
2026-09-11,SLOPE,Total bases over 2.5,223,,,0.0288663876809387,1.024102533955468,0.028187009331425
2026-09-11,SLOPE,Total bases over 3.5,223,,,0.0376205786295681,1.6438574204816765,0.0228855484428477
2026-09-11,SLOPE,Hits over 0.5,223,,,0.0228892537942087,0.6876685632362765,0.03328529907851
2026-09-11,SLOPE,Hits over 1.5,223,,,0.0427708203363228,1.5316375436250262,0.0279248967971197
2026-09-11,SLOPE,Hits over 2.5,223,,,0.033049566310426,1.9538584425663,0.0169150259765067
2026-09-12,Hot,at least 1 home run,5,0.1051533492537043,0.0,-0.1051533492537043,-0.7665178075046178,
2026-09-12,Hot,at least 1 hit,5,0.6094868821724085,0.2,-0.4094868821724085,-1.876830277822657,
2026-09-12,Hot,at least 1 walk,5,0.3222239404146272,0.6,0.2777760595853727,1.3291004364971044,
2026-09-12,Hot,H+R+RBI over 0.5,5,0.657902681179688,0.4,-0.2579026811796879,-1.2155846181352334,
2026-09-12,Hot,H+R+RBI over 1.5,5,0.4536273412317119,0.2,-0.2536273412317119,-1.1391659114389685,
2026-09-12,Hot,H+R+RBI over 2.5,5,0.2936481474512989,0.2,-0.0936481474512989,-0.4597905232923852,
2026-09-12,Hot,H+R+RBI over 3.5,5,0.1752622854561246,0.0,-0.1752622854561246,-1.0307926425561211,
2026-09-12,Hot,Total bases over 0.5,5,0.5881608547593073,0.2,-0.3881608547593073,-1.7635381843927525,
2026-09-12,Hot,Total bases over 1.5,5,0.351098158963787,0.0,-0.351098158963787,-1.6447874178429118,
2026-09-12,Hot,Total bases over 2.5,5,0.2029395141719794,0.0,-0.2029395141719794,-1.1282950181255853,
2026-09-12,Hot,Total bases over 3.5,5,0.1388418959632291,0.0,-0.1388418959632291,-0.8978500754701442,
2026-09-12,Hot,Hits over 0.5,5,0.590824485216505,0.2,-0.390824485216505,-1.7773898892087363,
2026-09-12,Hot,Hits over 1.5,5,0.2127761433026915,0.0,-0.2127761433026915,-1.1625117337968724,
2026-09-12,Hot,Hits over 2.5,5,0.0470179784291443,0.0,-0.0470179784291443,-0.4966776579731126,
2026-09-12,Cold,at least 1 home run,4,0.1387445339239885,0.0,-0.1387445339239885,-0.802734523477497,
2026-09-12,Cold,at least 1 hit,4,0.5935801861161901,0.5,-0.0935801861161901,-0.3810542116928641,
2026-09-12,Cold,at least 1 walk,4,0.3685133875446889,0.5,0.131486612455311,0.5451334396921553,
2026-09-12,Cold,H+R+RBI over 0.5,4,0.6673239426870595,0.75,0.0826760573129404,0.3509381859980501,
2026-09-12,Cold,H+R+RBI over 1.5,4,0.4639441615599682,0.5,0.0360558384400317,0.1445998100983884,
2026-09-12,Cold,H+R+RBI over 2.5,4,0.303016532268908,0.5,0.1969834677310919,0.8572655546314097,
2026-09-12,Cold,H+R+RBI over 3.5,4,0.1825756641403818,0.25,0.0674243358596182,0.3490610950776868,
2026-09-12,Cold,Total bases over 0.5,4,0.5737572605966097,0.5,-0.0737572605966097,-0.2982923939842168,
2026-09-12,Cold,Total bases over 1.5,4,0.3491887758229518,0.25,-0.0991887758229518,-0.4161356001585291,
2026-09-12,Cold,Total bases over 2.5,4,0.2176224940992047,0.25,0.0323775059007952,0.1569326532596377,
2026-09-12,Cold,Total bases over 3.5,4,0.1640400972678889,0.0,-0.1640400972678889,-0.8859562604356876,
2026-09-12,Cold,Hits over 0.5,4,0.5759793401214749,0.5,-0.0759793401214748,-0.3074882687694128,
2026-09-12,Cold,Hits over 1.5,4,0.1979975964238167,0.25,0.0520024035761832,0.260997062267868,
2026-09-12,Cold,Hits over 2.5,4,0.0409255884823226,0.0,-0.0409255884823226,-0.4131438669945453,
2026-09-12,SLOPE,at least 1 home run,242,,,0.0053271876187483,0.2405018384062359,0.0221502989501064
2026-09-12,SLOPE,at least 1 hit,242,,,0.0201416988009519,0.6765697874512085,0.0297703195953078
2026-09-12,SLOPE,at least 1 walk,242,,,0.0140780335468089,0.4741252039098217,0.029692649601236
2026-09-12,SLOPE,H+R+RBI over 0.5,242,,,0.01129999171111,0.3906003667923742,0.0289298031230898
2026-09-12,SLOPE,H+R+RBI over 1.5,242,,,0.0158346275427625,0.5146889315678175,0.0307654324225079
2026-09-12,SLOPE,H+R+RBI over 2.5,242,,,0.0078750313290574,0.2686235502369173,0.0293162357585995
2026-09-12,SLOPE,H+R+RBI over 3.5,242,,,-0.0416507832005664,-1.6162801023061175,0.0257695328558081
2026-09-12,SLOPE,Total bases over 0.5,242,,,0.0205088236607211,0.6886031682156167,0.0297832258220157
2026-09-12,SLOPE,Total bases over 1.5,242,,,-0.0048669890689317,-0.163795934820939,0.0297137354126179
2026-09-12,SLOPE,Total bases over 2.5,242,,,-0.0066512782849136,-0.2509215428860032,0.0265074023075626
2026-09-12,SLOPE,Total bases over 3.5,242,,,0.0086218562447985,0.343282317023144,0.0251159346614911
2026-09-12,SLOPE,Hits over 0.5,242,,,0.0204335813580755,0.6861271485263455,0.0297810418986663
2026-09-12,SLOPE,Hits over 1.5,242,,,-0.0240037432778491,-0.9436657911766508,0.0254366996263783
2026-09-12,SLOPE,Hits over 2.5,242,,,-0.0020802099228522,-0.1218363411626847,0.01707380493374
2026-09-13,Hot,at least 1 home run,8,0.1229977069009404,0.125,0.0020022930990595,0.0172434345206425,
2026-09-13,Hot,at least 1 hit,8,0.641678879762561,0.625,-0.0166788797625609,-0.098382260094992,
2026-09-13,Hot,at least 1 walk,8,0.3300477870589144,0.375,0.0449522129410855,0.2703869608069417,
2026-09-13,Hot,H+R+RBI over 0.5,8,0.6822032783103902,0.625,-0.0572032783103901,-0.3474835941267175,
2026-09-13,Hot,H+R+RBI over 1.5,8,0.4795892694884261,0.625,0.1454107305115738,0.8232535262254712,
2026-09-13,Hot,H+R+RBI over 2.5,8,0.3164795375979556,0.5,0.1835204624020444,1.1160429551224886,
2026-09-13,Hot,H+R+RBI over 3.5,8,0.1927124511412425,0.25,0.0572875488587574,0.4108054715632363,
2026-09-13,Hot,Total bases over 0.5,8,0.6179367842425443,0.625,0.0070632157574557,0.0411157132548728,
2026-09-13,Hot,Total bases over 1.5,8,0.3734240344120639,0.625,0.251575965587936,1.4710456238162362,
2026-09-13,Hot,Total bases over 2.5,8,0.2253598819973632,0.375,0.1496401180026367,1.0129890240396349,
2026-09-13,Hot,Total bases over 3.5,8,0.1585433153208162,0.25,0.0914566846791837,0.7082239306888582,
2026-09-13,Hot,Hits over 0.5,8,0.6205946759693429,0.625,0.004405324030657,0.0256783502612619,
2026-09-13,Hot,Hits over 1.5,8,0.2383002189447517,0.5,0.2616997810552482,1.7373775954988542,
2026-09-13,Hot,Hits over 2.5,8,0.0559467139896189,0.125,0.069053286010381,0.8498529722351406,
2026-09-13,Cold,at least 1 home run,10,0.1236467681528548,0.0,-0.1236467681528548,-1.1878231587630226,
2026-09-13,Cold,at least 1 hit,10,0.5950353039120377,0.7,0.1049646960879622,0.6761815301666526,
2026-09-13,Cold,at least 1 walk,10,0.3517144053092663,0.2,-0.1517144053092663,-1.0047281151982228,
2026-09-13,Cold,H+R+RBI over 0.5,10,0.654729736961538,0.7,0.0452702630384619,0.3010942049459736,
2026-09-13,Cold,H+R+RBI over 1.5,10,0.450621726371621,0.3,-0.150621726371621,-0.9572950589991966,
2026-09-13,Cold,H+R+RBI over 2.5,10,0.2913779828818933,0.1,-0.1913779828818933,-1.3318529765107965,
2026-09-13,Cold,H+R+RBI over 3.5,10,0.1735893559891844,0.1,-0.0735893559891844,-0.6144060806863241,
2026-09-13,Cold,Total bases over 0.5,10,0.5747607788340592,0.7,0.1252392211659407,0.8010878388363168,
2026-09-13,Cold,Total bases over 1.5,10,0.3436227131404268,0.2,-0.1436227131404268,-0.9563248106054908,
2026-09-13,Cold,Total bases over 2.5,10,0.2092557012883507,0.1,-0.1092557012883506,-0.8493514345467893,
2026-09-13,Cold,Total bases over 3.5,10,0.1520107929625727,0.1,-0.0520107929625726,-0.4581008530718848,
2026-09-13,Cold,Hits over 0.5,10,0.5771632274013,0.7,0.1228367725986999,0.7863080032073915,
2026-09-13,Cold,Hits over 1.5,10,0.1995658200977196,0.1,-0.0995658200977196,-0.7877789681125451,
2026-09-13,Cold,Hits over 2.5,10,0.0414635066123285,0.1,0.0585364933876715,0.9285159374747814,
2026-09-13,SLOPE,at least 1 home run,258,,,0.0120480430405115,0.6154376385658166,0.0195763831873975
2026-09-13,SLOPE,at least 1 hit,258,,,0.0481293521296677,1.693059207847914,0.0284274477269144
2026-09-13,SLOPE,at least 1 walk,258,,,0.0126873028378703,0.4623612981397048,0.0274402353504007
2026-09-13,SLOPE,H+R+RBI over 0.5,258,,,0.0560805737028189,2.0155932816242816,0.027823358121945
2026-09-13,SLOPE,H+R+RBI over 1.5,258,,,0.0430025429920061,1.4805358369840178,0.0290452563982551
2026-09-13,SLOPE,H+R+RBI over 2.5,258,,,0.0524390099017379,1.9304034715545288,0.0271647925806461
2026-09-13,SLOPE,H+R+RBI over 3.5,258,,,0.0142044006377826,0.6137609252179552,0.0231432143268788
2026-09-13,SLOPE,Total bases over 0.5,258,,,0.0490871549659713,1.7259683812861957,0.0284403558594691
2026-09-13,SLOPE,Total bases over 1.5,258,,,0.0536648841219189,1.8991664643458364,0.0282570723153558
2026-09-13,SLOPE,Total bases over 2.5,258,,,0.0169007287335281,0.7155903587856228,0.0236178821109456
2026-09-13,SLOPE,Total bases over 3.5,258,,,0.013045279518614,0.6211787991804146,0.0210008447420066
2026-09-13,SLOPE,Hits over 0.5,258,,,0.0489927064028594,1.7227063389034674,0.0284393836003669
2026-09-13,SLOPE,Hits over 1.5,258,,,0.0182405726742145,0.7421170411680467,0.0245791049960326
2026-09-13,SLOPE,Hits over 2.5,258,,,-0.0014065468223822,-0.1103639597433638,0.0127446208495324
2026-09-14,Hot,at least 1 home run,3,0.09875265601577365,0.0,-0.09875265601577365,-0.5733410282567915,
2026-09-14,Hot,at least 1 hit,3,0.6288000676152318,0.0,-0.6288000676152318,-2.2543065505531716,
2026-09-14,Hot,at least 1 walk,3,0.30234654766845387,0.0,-0.30234654766845387,-1.1402320930465693,
2026-09-14,Hot,H+R+RBI over 0.5,3,0.6617772502386381,0.0,-0.6617772502386381,-2.4227864497369973,
2026-09-14,Hot,H+R+RBI over 1.5,3,0.45693947087222403,0.0,-0.45693947087222403,-1.5887876136870185,
2026-09-14,Hot,H+R+RBI over 2.5,3,0.29686114550912346,0.0,-0.29686114550912346,-1.1254255182907613,
2026-09-14,Hot,H+R+RBI over 3.5,3,0.17782061501535765,0.0,-0.17782061501535765,-0.8055052766743896,
2026-09-14,Hot,Total bases over 0.5,3,0.6063445710515991,0.0,-0.6063445710515991,-2.1496227587520687,
2026-09-14,Hot,Total bases over 1.5,3,0.3505650806863106,0.0,-0.3505650806863106,-1.2725566839499611,
2026-09-14,Hot,Total bases over 2.5,3,0.19814617364386952,0.0,-0.19814617364386952,-0.8610053885730908,
2026-09-14,Hot,Total bases over 3.5,3,0.1320757036024263,0.0,-0.1320757036024263,-0.6756646081399382,
2026-09-14,Hot,Hits over 0.5,3,0.6095521036094503,0.0,-0.6095521036094503,-2.1641357577674167,
2026-09-14,Hot,Hits over 1.5,3,0.22771057787424911,0.0,-0.22771057787424911,-0.9405073347799342,
2026-09-14,Hot,Hits over 2.5,3,0.05195862432187897,0.0,-0.05195862432187897,-0.4054859433278928,
2026-09-14,Cold,at least 1 home run,6,0.1451409369542531,0.3333333333333333,0.18819239637908022,1.3086860597760643,
2026-09-14,Cold,at least 1 hit,6,0.611271484266798,0.6666666666666666,0.055395182399868625,0.2783603370069223,
2026-09-14,Cold,at least 1 walk,6,0.3100058254838244,0.16666666666666666,-0.14333915881715772,-0.7591591609963709,
2026-09-14,Cold,H+R+RBI over 0.5,6,0.6655612935575645,0.6666666666666666,0.0011053731091020813,0.005738947135258204,
2026-09-14,Cold,H+R+RBI over 1.5,6,0.4616656701732676,0.5,0.038334329826732405,0.18835349006845317,
2026-09-14,Cold,H+R+RBI over 2.5,6,0.3016645017155764,0.5,0.1983354982844236,1.0584781892465327,
2026-09-14,Cold,H+R+RBI over 3.5,6,0.18190927082458672,0.3333333333333333,0.1514240625087466,0.9614846754651276,
2026-09-14,Cold,Total bases over 0.5,6,0.5902044237765948,0.6666666666666666,0.07646224289007186,0.38083582481884654,
2026-09-14,Cold,Total bases over 1.5,6,0.36173746249149524,0.3333333333333333,-0.028404129158161928,-0.14479737304769708,
2026-09-14,Cold,Total bases over 2.5,6,0.227632511000329,0.3333333333333333,0.10570082233300432,0.617482784986002,
2026-09-14,Cold,Total bases over 3.5,6,0.17179998359799264,0.3333333333333333,0.16153334973534067,1.0489593247188687,
2026-09-14,Cold,Hits over 0.5,6,0.5931896996599758,0.6666666666666666,0.07347696700669082,0.3663819547578869,
2026-09-14,Cold,Hits over 1.5,6,0.21205504778306786,0.16666666666666666,-0.0453883811164012,-0.27198695301005443,
2026-09-14,Cold,Hits over 2.5,6,0.04555536921384681,0.0,-0.04555536921384681,-0.5351432366510698,
2026-09-14,SLOPE,at least 1 home run,164,,,0.004566225998125406,0.18534101269646686,0.024636889222157853
2026-09-14,SLOPE,at least 1 hit,164,,,-0.004800626190218731,-0.13938844473967227,0.03444063242964353
2026-09-14,SLOPE,at least 1 walk,164,,,-0.04383749567462506,-1.3095624268384607,0.03347491862641274
2026-09-14,SLOPE,H+R+RBI over 0.5,164,,,-0.0078021762323805775,-0.2355087080004192,0.03312903500946848
2026-09-14,SLOPE,H+R+RBI over 1.5,164,,,-0.014504326231977152,-0.4015375215086263,0.03612196981612727
2026-09-14,SLOPE,H+R+RBI over 2.5,164,,,-0.0017095018985402435,-0.05057323143432846,0.033802504804544796
2026-09-14,SLOPE,H+R+RBI over 3.5,164,,,0.00228076574282261,0.08058010047499517,0.028304329845435662
2026-09-14,SLOPE,Total bases over 0.5,164,,,-0.003768308529905594,-0.10941187809154299,0.03444149388197794
2026-09-14,SLOPE,Total bases over 1.5,164,,,0.015346072068808763,0.4454544940990505,0.03445036984046329
2026-09-14,SLOPE,Total bases over 2.5,164,,,0.011915582502826884,0.41314556807762104,0.028841123864090937
2026-09-14,SLOPE,Total bases over 3.5,164,,,0.009887368382931803,0.3626354119479164,0.027265314023860086
2026-09-14,SLOPE,Hits over 0.5,164,,,-0.0039146480124261735,-0.11365646415366829,0.03444281010830502
2026-09-14,SLOPE,Hits over 1.5,164,,,-0.02559982724040191,-0.8477198352271971,0.030198452574299987
2026-09-14,SLOPE,Hits over 2.5,164,,,0.015974779425620943,1.018698516521868,0.01568155756245083
