game_date,label,n,base_rate,mean_pred,auc,brier,brier_skill,clean_n,clean_base_rate,clean_mean_pred,clean_auc,clean_brier,clean_brier_skill
2026-09-12,at least 1 home run,243,0.1563786008230452,0.1135397949710581,0.6317073170731707,0.1309255753105575,0.0075706936440165,243.0,0.1563786008230452,0.1135397949710581,0.6317073170731707,0.1309255753105575,0.0075706936440165
2026-09-12,at least 1 hit,243,0.6255144032921811,0.6246160573148795,0.5931897050318103,0.2288743433384587,0.0229322513163205,243.0,0.6255144032921811,0.6246160573148795,0.5931897050318103,0.2288743433384587,0.0229322513163205
2026-09-12,at least 1 walk,243,0.3497942386831276,0.3339168207855188,0.5263588979895757,0.2288975166993961,-0.0064161923739867,243.0,0.3497942386831276,0.3339168207855188,0.5263588979895757,0.2288975166993961,-0.0064161923739867
2026-09-12,H+R+RBI over 0.5,243,0.6790123456790124,0.6662105476681641,0.5644133644133644,0.2158973970178555,0.0094385861299648,243.0,0.6790123456790124,0.6662105476681641,0.5644133644133644,0.2158973970178555,0.0094385861299648
2026-09-12,H+R+RBI over 1.5,243,0.522633744855967,0.462981915582774,0.589872386641325,0.2481231618964821,0.005469414415872,243.0,0.522633744855967,0.462981915582774,0.589872386641325,0.2481231618964821,0.005469414415872
2026-09-12,H+R+RBI over 2.5,243,0.3539094650205761,0.3022044214462687,0.6236113168419493,0.2254446012382008,0.0140513806462363,243.0,0.3539094650205761,0.3022044214462687,0.6236113168419493,0.2254446012382008,0.0140513806462363
2026-09-12,H+R+RBI over 3.5,243,0.2345679012345679,0.182003496316702,0.6459158649311451,0.1777985331565772,0.0097315992866698,243.0,0.2345679012345679,0.182003496316702,0.6459158649311451,0.1777985331565772,0.0097315992866698
2026-09-12,Total bases over 0.5,243,0.6255144032921811,0.6022972287985148,0.5925390399074609,0.2296236219080007,0.0197335707023177,243.0,0.6255144032921811,0.6022972287985148,0.5925390399074609,0.2296236219080007,0.0197335707023177
2026-09-12,Total bases over 1.5,243,0.3744855967078189,0.3580979020723757,0.60106998264893,0.2289148835809355,0.0227591844584541,243.0,0.3744855967078189,0.3580979020723757,0.60106998264893,0.2289148835809355,0.0227591844584541
2026-09-12,Total bases over 2.5,243,0.2469135802469135,0.2100491951980805,0.5948998178506376,0.1844054098517294,0.0082918901334455,243.0,0.2469135802469135,0.2100491951980805,0.5948998178506376,0.1844054098517294,0.0082918901334455
2026-09-12,Total bases over 3.5,243,0.2139917695473251,0.1461086653457312,0.6259565042287556,0.1694155200043989,-0.0072308740172928,243.0,0.2139917695473251,0.1461086653457312,0.6259565042287556,0.1694155200043989,-0.0072308740172928
2026-09-12,Hits over 0.5,243,0.6255144032921811,0.6049223355042558,0.5931174089068826,0.2294733384498156,0.020375132871373,243.0,0.6255144032921811,0.6049223355042558,0.5931174089068826,0.2294733384498156,0.020375132871373
2026-09-12,Hits over 1.5,243,0.2263374485596707,0.2254110746422751,0.6357833655705996,0.1694800758677035,0.0321441973005776,243.0,0.2263374485596707,0.2254110746422751,0.6357833655705996,0.1694800758677035,0.0321441973005776
2026-09-12,Hits over 2.5,243,0.0864197530864197,0.0517606069669828,0.5812955812955812,0.0796359841282196,-0.008671219817083,243.0,0.0864197530864197,0.0517606069669828,0.5812955812955812,0.0796359841282196,-0.008671219817083
2026-08-18,at least 1 home run,270,0.1185185185185185,0.1128836120073456,0.6231617647058825,0.1022908217318609,0.0208769821096818,270.0,0.1185185185185185,0.1128836120073456,0.6231617647058825,0.1022908217318609,0.0208769821096818
2026-08-18,at least 1 hit,270,0.6148148148148148,0.6001494820150063,0.5663229842446709,0.2343044004414095,0.0106122108330193,270.0,0.6148148148148148,0.6001494820150063,0.5663229842446709,0.2343044004414095,0.0106122108330193
2026-08-18,at least 1 walk,270,0.2814814814814815,0.3227211878397677,0.5860010851871947,0.2012315743636683,0.0050337919756225,270.0,0.2814814814814815,0.3227211878397677,0.5860010851871947,0.2012315743636683,0.0050337919756225
2026-08-18,H+R+RBI over 0.5,270,0.662962962962963,0.64508492486543,0.5458284732027748,0.2240865729885317,-0.0028799294532482,270.0,0.662962962962963,0.64508492486543,0.5458284732027748,0.2240865729885317,-0.0028799294532482
2026-08-18,H+R+RBI over 1.5,270,0.4333333333333333,0.441898724931631,0.5667281157477235,0.2426792629051955,0.0117134089833668,270.0,0.4333333333333333,0.441898724931631,0.5667281157477235,0.2426792629051955,0.0117134089833668
2026-08-18,H+R+RBI over 2.5,270,0.2777777777777778,0.284790670675712,0.5757264957264958,0.1977009146208515,0.014536979428371,270.0,0.2777777777777778,0.284790670675712,0.5757264957264958,0.1977009146208515,0.014536979428371
2026-08-18,H+R+RBI over 3.5,270,0.174074074074074,0.1693119583564051,0.605858219635531,0.1407522506167751,0.0210057179693821,270.0,0.174074074074074,0.1693119583564051,0.605858219635531,0.1407522506167751,0.0210057179693821
2026-08-19,at least 1 home run,270,0.0851851851851851,0.111721643374156,0.48600598486182,0.079239820431891,-0.0168250148714763,162.0,0.0987654320987654,0.113196523391379,0.526541095890411,0.0881840243261968,0.0092887267051755
2026-08-19,at least 1 hit,270,0.5851851851851851,0.5979051056464666,0.5541930379746836,0.2407906597212427,0.0080448070932079,162.0,0.6049382716049383,0.5959799890878527,0.5601084183673468,0.2367502758861637,0.0093631632084688
2026-08-19,at least 1 walk,270,0.3259259259259259,0.3236226869484124,0.5878496503496503,0.2159886419228644,0.0168848653735752,162.0,0.3148148148148148,0.3155076518488238,0.5949478890655361,0.2098316720439214,0.0272350466135535
2026-08-19,H+R+RBI over 0.5,270,0.6444444444444445,0.6426047844164312,0.5732758620689655,0.2263579953136716,0.0121229730383943,162.0,0.6666666666666666,0.6384903772928932,0.5977366255144032,0.2183583019391213,0.0173876412739537
2026-08-19,H+R+RBI over 1.5,270,0.4592592592592592,0.4389204756941217,0.5802585064074238,0.2439470164011679,0.0176901515883152,162.0,0.4876543209876543,0.4346955660982999,0.5929540948604545,0.2463082422551079,0.0141660043094319
2026-08-19,H+R+RBI over 2.5,270,0.2629629629629629,0.2820402668087001,0.4941609455729351,0.1985941870170946,-0.0246667303805083,162.0,0.2839506172839506,0.2784706358226841,0.529047976011994,0.2047669765856949,-0.0071035482599282
2026-08-19,H+R+RBI over 3.5,270,0.1481481481481481,0.1670667087831585,0.5013043478260869,0.1286981209086283,-0.0197927189390225,162.0,0.1481481481481481,0.1644031657587457,0.5404589371980677,0.1270697504053283,-0.0068896526683082
2026-08-19,Total bases over 0.5,270,0.5851851851851851,0.5727935343678718,0.5563969258589512,0.2418111887119808,0.0038406613300517,162.0,0.6049382716049383,0.5720051478836228,0.5744579081632653,0.2370143891588915,0.008258031076857
2026-08-19,Total bases over 1.5,270,0.3074074074074074,0.336033637575243,0.5410733844468784,0.2142994535401299,-0.0065350275804054,162.0,0.3209876543209876,0.335491910341332,0.5685314685314686,0.215393178700675,0.0117519961852246
2026-08-19,Total bases over 2.5,270,0.1666666666666666,0.198858088709783,0.4871111111111111,0.1426033506405873,-0.0267441246122288,162.0,0.1790123456790123,0.1985711069017937,0.5320197044334976,0.1478823023660365,-0.0062284530189944
2026-08-19,Total bases over 3.5,270,0.1037037037037037,0.1422455556921467,0.4881936245572609,0.0953366307116591,-0.0256848256906658,162.0,0.1234567901234567,0.1420850424209162,0.498943661971831,0.1090112110958845,-0.0073557126761956
2026-08-19,Hits over 0.5,270,0.5851851851851851,0.5791697866901767,0.5541930379746836,0.2405505205439855,0.0090340784552132,162.0,0.6049382716049383,0.5773746456971787,0.5601084183673468,0.2373238225159374,0.0069632656077383
2026-08-19,Hits over 1.5,270,0.2037037037037037,0.203666040066902,0.5064693446088795,0.1647283704399058,-0.0155347319297365,162.0,0.2037037037037037,0.2021489263324462,0.5435752877613343,0.1632412035791949,-0.006366489718673
2026-08-19,Hits over 2.5,270,0.0407407407407407,0.0441385352537368,0.4756054756054755,0.0396607885572313,-0.0148373063608873,162.0,0.0555555555555555,0.0436377138961451,0.5664488017429193,0.0525779519590031,-0.0020739079245311
2026-08-20,at least 1 home run,151,0.0728476821192053,0.1068531561157209,0.6201298701298701,0.0688919714239193,-0.0200037924914189,97.0,0.0515463917525773,0.1110985624797467,0.6869565217391305,0.0524984175141977,-0.0738208921545366
2026-08-20,at least 1 hit,151,0.5894039735099338,0.5923367683651135,0.6255889815150416,0.23295690409359,0.0373957284817062,97.0,0.5463917525773195,0.5963198280222417,0.5694682675814751,0.2461536277600378,0.0068355559201563
2026-08-20,at least 1 walk,151,0.3245033112582781,0.3225720791678221,0.6094437775110044,0.2116303282277998,0.0345371920924236,97.0,0.2989690721649484,0.3317587288026728,0.6095334685598377,0.2053200078192909,0.0203570215153612
2026-08-20,H+R+RBI over 0.5,151,0.6754966887417219,0.6348957765490009,0.5986394557823129,0.2155923856067849,0.0164621880311519,97.0,0.6288659793814433,0.6403858094916144,0.5104735883424408,0.2367888968229977,-0.0145476913513598
2026-08-20,H+R+RBI over 1.5,151,0.4370860927152318,0.4314903237996246,0.5893048128342246,0.241708399689585,0.0176126165201017,97.0,0.422680412371134,0.437385756547589,0.507404181184669,0.249040588391753,-0.0205674634921619
2026-08-20,H+R+RBI over 2.5,151,0.2251655629139073,0.2755907632426742,0.6186525892408246,0.1728669885837175,0.0091653577935288,97.0,0.1958762886597938,0.2807494817385908,0.5263157894736842,0.1665543565771396,-0.0574291100096535
2026-08-20,H+R+RBI over 3.5,151,0.1589403973509933,0.162546747235783,0.6128608923884514,0.1314263641956818,0.0168462827999533,97.0,0.1546391752577319,0.1665163421393526,0.5772357723577235,0.1300251317616522,0.005360597767979
2026-08-20,Total bases over 0.5,151,0.5894039735099338,0.5658089728324781,0.5911562160202972,0.2369901136898467,0.0207300503366811,97.0,0.5463917525773195,0.5723772769518677,0.5274442538593482,0.2499161994400414,-0.0083454204679884
2026-08-20,Total bases over 1.5,151,0.2582781456953642,0.3278553705241742,0.5698260073260073,0.194871747526436,-0.0172323066278086,97.0,0.3092783505154639,0.3340173342619988,0.5517412935323383,0.2134800233030653,0.0006798312146555
2026-08-20,Total bases over 2.5,151,0.152317880794702,0.1921818088226338,0.5845788043478262,0.1299606791475115,-0.0065330996067973,97.0,0.1752577319587628,0.1967095757558773,0.5801470588235293,0.1442938353609962,0.0017200758002841
2026-08-20,Total bases over 3.5,151,0.0927152317880794,0.1375199436954262,0.5719499478623566,0.085933192607034,-0.021565549860784,97.0,0.0824742268041237,0.1406258126178377,0.5955056179775281,0.0786896526937684,-0.0398749188141394
2026-08-20,Hits over 0.5,151,0.5894039735099338,0.5737244060376712,0.625226531351939,0.233552726260438,0.0349337239100676,97.0,0.5463917525773195,0.5774256334798037,0.5690394511149227,0.2446374718345505,0.012952841984869
2026-08-20,Hits over 1.5,151,0.1655629139072847,0.1989584477358066,0.5803174603174603,0.1382246596180754,-0.0005271314132502,97.0,0.2061855670103092,0.202315343015739,0.5740259740259741,0.1621880554870514,0.0090731077417745
2026-08-20,Hits over 2.5,151,0.0529801324503311,0.0423251444351479,0.6748251748251748,0.0495642150875714,0.0121384019128353,97.0,0.0824742268041237,0.0435734043558304,0.6573033707865169,0.0760445087466225,-0.004919638759792
2026-08-30,at least 1 home run,252,0.1269841269841269,0.1098958315214618,0.6644886363636363,0.107369790544888,0.0314756848348626,72.0,0.1805555555555555,0.1189522580741743,0.7196870925684485,0.1423378596089757,0.0379668002438976
2026-08-30,at least 1 hit,252,0.6150793650793651,0.5988209002711922,0.6311273694712339,0.226969409556564,0.0413391829411344,72.0,0.6388888888888888,0.599030116930068,0.6262541806020068,0.2240240814595789,0.0289792322019593
2026-08-30,at least 1 walk,252,0.3333333333333333,0.3152443551260328,0.6197562358276644,0.2146118661798344,0.0342466021907452,72.0,0.3055555555555556,0.3135125010813748,0.670909090909091,0.1973370215564495,0.0700044365921507
2026-08-30,H+R+RBI over 0.5,252,0.6547619047619048,0.6389546367862168,0.6140717520027865,0.2192389751606205,0.0301252609822328,72.0,0.6805555555555556,0.6406499246275046,0.6450754214729371,0.2095461702129698,0.0361248035634111
2026-08-30,H+R+RBI over 1.5,252,0.4801587301587302,0.4368190423824896,0.6766765503753707,0.2354034141799887,0.0569012419351456,72.0,0.5138888888888888,0.4390370095948614,0.722007722007722,0.2337097353457525,0.0644391752645704
2026-08-30,H+R+RBI over 2.5,252,0.2777777777777778,0.2813588635066872,0.6569073783359497,0.1910157765517554,0.0478598214958654,72.0,0.3333333333333333,0.2835772340377083,0.703125,0.2094761466737466,0.0573573399681399
2026-08-30,H+R+RBI over 3.5,252,0.1507936507936507,0.1671727111771293,0.5895228726020658,0.1266806290727403,0.010732086985329,72.0,0.1527777777777778,0.1690771748978355,0.5886736214605067,0.1282749970093518,0.0089752839098663
2026-08-30,Total bases over 0.5,252,0.6150793650793651,0.5698872761950475,0.6200199534419688,0.2300474262328706,0.0283384266383627,72.0,0.6388888888888888,0.5773780066050626,0.6329431438127091,0.2254929190941242,0.0226126316187792
2026-08-30,Total bases over 1.5,252,0.3531746031746032,0.3347041658755229,0.6341076721582685,0.2194145719205141,0.0395186478775535,72.0,0.4305555555555556,0.3418762522846483,0.6254917387883556,0.2438217484071366,0.0055295485896172
2026-08-30,Total bases over 2.5,252,0.2023809523809523,0.1987625619846403,0.6395473612330504,0.1562735934172987,0.0318994950373491,72.0,0.25,0.204195194681774,0.6934156378600823,0.1787896221043987,0.0464553487765401
2026-08-30,Total bases over 3.5,252,0.1428571428571428,0.1428292126041035,0.6422325102880658,0.119321208046763,0.0255434676181023,72.0,0.1944444444444444,0.1466616590382633,0.6613300492610837,0.1530460186323353,0.0229180288300167
2026-08-30,Hits over 0.5,252,0.6150793650793651,0.580322160077612,0.6313934153641504,0.2282818392949008,0.0357958149262795,72.0,0.6388888888888888,0.58072818858192,0.6245819397993311,0.2260396816940138,0.0202427174734385
2026-08-30,Hits over 1.5,252,0.2063492063492063,0.2045095356365685,0.6628846153846154,0.1566635235193593,0.0433884233102502,72.0,0.2361111111111111,0.2052123180941106,0.66951871657754,0.173216193518528,0.0396227302673267
2026-08-30,Hits over 2.5,252,0.0277777777777777,0.0444079264285056,0.5206997084548105,0.0275978737658488,-0.0219098400154305,72.0,0.0277777777777777,0.0448539754201779,0.4214285714285715,0.0281335610213102,-0.0417455738176608
2026-09-01,at least 1 home run,236,0.1101694915254237,0.1187608877818948,0.6247252747252747,0.0974602283490035,0.0058342714054754,236.0,0.1101694915254237,0.1187608877818948,0.6247252747252747,0.0974602283490035,0.0058342714054754
2026-09-01,at least 1 hit,236,0.6228813559322034,0.6254484969534508,0.5730337078651685,0.2332049122863512,0.0072169384162181,236.0,0.6228813559322034,0.6254484969534508,0.5730337078651685,0.2332049122863512,0.0072169384162181
2026-09-01,at least 1 walk,236,0.3305084745762712,0.3247987252198064,0.6051606621226875,0.2161553512492611,0.0231265463178473,236.0,0.3305084745762712,0.3247987252198064,0.6051606621226875,0.2161553512492611,0.0231265463178473
2026-09-01,H+R+RBI over 0.5,236,0.7033898305084746,0.6643612826929057,0.5783993115318417,0.2093974781212417,-0.0036662600207122,236.0,0.7033898305084746,0.6643612826929057,0.5783993115318417,0.2093974781212417,-0.0036662600207122
2026-09-01,H+R+RBI over 1.5,236,0.538135593220339,0.4618904332895225,0.5870114859495774,0.2493316145874967,-0.0031621473716116,236.0,0.538135593220339,0.4618904332895225,0.5870114859495774,0.2493316145874967,-0.0031621473716116
2026-09-01,H+R+RBI over 2.5,236,0.3644067796610169,0.3015523761118298,0.5513178294573644,0.2346758627436356,-0.0132175853774827,236.0,0.3644067796610169,0.3015523761118298,0.5513178294573644,0.2346758627436356,-0.0132175853774827
2026-09-01,H+R+RBI over 3.5,236,0.2203389830508474,0.1818220188903598,0.5775501672240803,0.1720096713347703,-0.001280377786514,236.0,0.2203389830508474,0.1818220188903598,0.5775501672240803,0.1720096713347703,-0.001280377786514
2026-09-01,Total bases over 0.5,236,0.6228813559322034,0.5989317883276786,0.5520904991209968,0.2358265424499045,-0.0039436756317268,236.0,0.6228813559322034,0.5989317883276786,0.5520904991209968,0.2358265424499045,-0.0039436756317268
2026-09-01,Total bases over 1.5,236,0.3898305084745763,0.3591148561758011,0.5822765700483091,0.2354489274060445,0.0101476856274864,236.0,0.3898305084745763,0.3591148561758011,0.5822765700483091,0.2354489274060445,0.0101476856274864
2026-09-01,Total bases over 2.5,236,0.25,0.2153273941463717,0.6022215838360625,0.1859877708797009,0.0080652219749284,236.0,0.25,0.2153273941463717,0.6022215838360625,0.1859877708797009,0.0080652219749284
2026-09-01,Total bases over 3.5,236,0.1440677966101695,0.1533915097905299,0.6517181129877694,0.1209732048703053,0.0189686053499528,236.0,0.1440677966101695,0.1533915097905299,0.6517181129877694,0.1209732048703053,0.0189686053499528
2026-09-01,Hits over 0.5,236,0.6228813559322034,0.6060668565382488,0.5731101429335779,0.2334461222460276,0.0061900768466901,236.0,0.6228813559322034,0.6060668565382488,0.5731101429335779,0.2334461222460276,0.0061900768466901
2026-09-01,Hits over 1.5,236,0.2542372881355932,0.2260359291630771,0.590814393939394,0.1871271627490114,0.0130459795010474,236.0,0.2542372881355932,0.2260359291630771,0.590814393939394,0.1871271627490114,0.0130459795010474
2026-09-01,Hits over 2.5,236,0.059322033898305,0.0520073163381857,0.5801158301158301,0.0558496602018264,-0.0008374113902598,236.0,0.059322033898305,0.0520073163381857,0.5801158301158301,0.0558496602018264,-0.0008374113902598
2026-09-02,at least 1 home run,267,0.1161048689138576,0.1177447899544947,0.5694368507381082,0.1035646307641552,-0.0091606017695275,267.0,0.1161048689138576,0.1177447899544947,0.5694368507381082,0.1035646307641552,-0.0091606017695275
2026-09-02,at least 1 hit,267,0.602996254681648,0.6193200452015603,0.5457635063869682,0.2395174991331462,-0.000525196044935,267.0,0.602996254681648,0.6193200452015603,0.5457635063869682,0.2395174991331462,-0.000525196044935
2026-09-02,at least 1 walk,267,0.3146067415730337,0.3340128295605268,0.5664194639604476,0.2155847254566852,0.0002069026098336,267.0,0.3146067415730337,0.3340128295605268,0.5664194639604476,0.2155847254566852,0.0002069026098336
2026-09-02,H+R+RBI over 0.5,267,0.6741573033707865,0.6592005358189251,0.5412515964240103,0.2200631647948373,-0.0017932921493717,267.0,0.6741573033707865,0.6592005358189251,0.5412515964240103,0.2200631647948373,-0.0017932921493717
2026-09-02,H+R+RBI over 1.5,267,0.4868913857677903,0.4564133665387188,0.5132509825940483,0.2543761701846708,-0.0182045365690617,267.0,0.4868913857677903,0.4564133665387188,0.5132509825940483,0.2543761701846708,-0.0182045365690617
2026-09-02,H+R+RBI over 2.5,267,0.3558052434456928,0.2970506548785373,0.5229498164014688,0.2345373852906287,-0.0232518763759874,267.0,0.3558052434456928,0.2970506548785373,0.5229498164014688,0.2345373852906287,-0.0232518763759874
2026-09-02,H+R+RBI over 3.5,267,0.2247191011235955,0.1784878963346295,0.5211755233494364,0.17747060429675,-0.0186555482859112,267.0,0.2247191011235955,0.1784878963346295,0.5211755233494364,0.17747060429675,-0.0186555482859112
2026-09-02,Total bases over 0.5,267,0.602996254681648,0.5939834731004346,0.5184577522559475,0.2429979318126391,-0.0150638439582344,267.0,0.602996254681648,0.5939834731004346,0.5184577522559475,0.2429979318126391,-0.0150638439582344
2026-09-02,Total bases over 1.5,267,0.3707865168539326,0.3547902644262601,0.535954785954786,0.2353438524292527,-0.0087438609805796,267.0,0.3707865168539326,0.3547902644262601,0.535954785954786,0.2353438524292527,-0.0087438609805796
2026-09-02,Total bases over 2.5,267,0.2134831460674157,0.2121154754455737,0.5375939849624061,0.1687413100311431,-0.004962343426079,267.0,0.2134831460674157,0.2121154754455737,0.5375939849624061,0.1687413100311431,-0.004962343426079
2026-09-02,Total bases over 3.5,267,0.146067415730337,0.1511865332283196,0.5915429599640126,0.1238616515506838,0.0069755648451751,267.0,0.146067415730337,0.1511865332283196,0.5915429599640126,0.1238616515506838,0.0069755648451751
2026-09-02,Hits over 0.5,267,0.602996254681648,0.6001407206176094,0.5460564865815071,0.2390571974707259,0.0013976004634606,267.0,0.602996254681648,0.6001407206176094,0.5460564865815071,0.2390571974707259,0.0013976004634606
2026-09-02,Hits over 1.5,267,0.247191011235955,0.2211889037450999,0.6046283732850898,0.1824016539365335,0.019807665650419,267.0,0.247191011235955,0.2211889037450999,0.6046283732850898,0.1824016539365335,0.019807665650419
2026-09-02,Hits over 2.5,267,0.0674157303370786,0.050313592855695,0.6653279785809907,0.0622103311621037,0.0105059575601937,267.0,0.0674157303370786,0.050313592855695,0.6653279785809907,0.0622103311621037,0.0105059575601937
2026-09-03,at least 1 home run,132,0.0757575757575757,0.112943792479736,0.7319672131147541,0.0678074508029722,0.0315762108270586,132.0,0.0757575757575757,0.112943792479736,0.7319672131147541,0.0678074508029722,0.0315762108270586
2026-09-03,at least 1 hit,132,0.5606060606060606,0.6236158175654312,0.435228331780056,0.2580862174168529,-0.0477386421880812,132.0,0.5606060606060606,0.6236158175654312,0.435228331780056,0.2580862174168529,-0.0477386421880812
2026-09-03,at least 1 walk,132,0.3106060606060606,0.3235699741188798,0.6352184400964889,0.2040154191049245,0.0472354161125153,132.0,0.3106060606060606,0.3235699741188798,0.6352184400964889,0.2040154191049245,0.0472354161125153
2026-09-03,H+R+RBI over 0.5,132,0.6212121212121212,0.658381771709184,0.4680487804878048,0.239675679841568,-0.0185631818437759,132.0,0.6212121212121212,0.658381771709184,0.4680487804878048,0.239675679841568,-0.0185631818437759
2026-09-03,H+R+RBI over 1.5,132,0.4090909090909091,0.4558031635050897,0.5439221272554606,0.242365548913306,-0.0026062023422233,132.0,0.4090909090909091,0.4558031635050897,0.5439221272554606,0.242365548913306,-0.0026062023422233
2026-09-03,H+R+RBI over 2.5,132,0.2196969696969697,0.2963852772185418,0.5785068630733177,0.1753094444776956,-0.0226286443185028,132.0,0.2196969696969697,0.2963852772185418,0.5785068630733177,0.1753094444776956,-0.0226286443185028
2026-09-03,H+R+RBI over 3.5,132,0.1212121212121212,0.1780262538728662,0.6330818965517242,0.1077286109015487,-0.0113487695843672,132.0,0.1212121212121212,0.1780262538728662,0.6330818965517242,0.1077286109015487,-0.0113487695843672
2026-09-03,Total bases over 0.5,132,0.5606060606060606,0.593887303300609,0.4487418452935694,0.2544346421830089,-0.0329145399340042,132.0,0.5606060606060606,0.593887303300609,0.4487418452935694,0.2544346421830089,-0.0329145399340042
2026-09-03,Total bases over 1.5,132,0.2727272727272727,0.3539371322237239,0.6770833333333334,0.1955004790503474,0.0143517514544981,132.0,0.2727272727272727,0.3539371322237239,0.6770833333333334,0.1955004790503474,0.0143517514544981
2026-09-03,Total bases over 2.5,132,0.1212121212121212,0.2104080036947988,0.7155172413793103,0.1103273703297075,-0.0357457438711334,132.0,0.1212121212121212,0.2104080036947988,0.7155172413793103,0.1103273703297075,-0.0357457438711334
2026-09-03,Total bases over 3.5,132,0.0909090909090909,0.1494273089042275,0.7201388888888889,0.0835484681565552,-0.0109364646943188,132.0,0.0909090909090909,0.1494273089042275,0.7201388888888889,0.0835484681565552,-0.0109364646943188
2026-09-03,Hits over 0.5,132,0.5606060606060606,0.6031648825009492,0.4352283317800559,0.2551695673742353,-0.0358980759386478,132.0,0.5606060606060606,0.6031648825009492,0.4352283317800559,0.2551695673742353,-0.0358980759386478
2026-09-03,Hits over 1.5,132,0.1136363636363636,0.2248651268777833,0.6712250712250711,0.1093026176184314,-0.0851788087655549,132.0,0.1136363636363636,0.2248651268777833,0.6712250712250711,0.1093026176184314,-0.0851788087655549
2026-09-03,Hits over 2.5,132,0.0075757575757575,0.0519113768784191,0.6488549618320612,0.0097630157831807,-0.2985556260010737,132.0,0.0075757575757575,0.0519113768784191,0.6488549618320612,0.0097630157831807,-0.2985556260010737
2026-09-04,at least 1 home run,310,0.1258064516129032,0.11806806395811,0.5337780300879931,0.1100003061655597,-0.0001920165115238,310.0,0.1258064516129032,0.11806806395811,0.5337780300879931,0.1100003061655597,-0.0001920165115238
2026-09-04,at least 1 hit,310,0.5903225806451613,0.6283318241103064,0.6107955767824104,0.2351991358368517,0.0274671075288734,310.0,0.5903225806451613,0.6283318241103064,0.6107955767824104,0.2351991358368517,0.0274671075288734
2026-09-04,at least 1 walk,310,0.3,0.334048891485384,0.6214508696298499,0.2032472918477195,0.0321557531060971,310.0,0.3,0.334048891485384,0.6214508696298499,0.2032472918477195,0.0321557531060971
2026-09-04,H+R+RBI over 0.5,310,0.667741935483871,0.6681346147601948,0.6037240279536606,0.2156350480283472,0.0280695973207555,310.0,0.667741935483871,0.6681346147601948,0.6037240279536606,0.2156350480283472,0.0280695973207555
2026-09-04,H+R+RBI over 1.5,310,0.4580645161290322,0.4653919464191364,0.5919265593561368,0.2417036244149443,0.0263364224397991,310.0,0.4580645161290322,0.4653919464191364,0.5919265593561368,0.2417036244149443,0.0263364224397991
2026-09-04,H+R+RBI over 2.5,310,0.3032258064516129,0.3049387131433304,0.5797872340425532,0.2071244233775848,0.0196681891949415,310.0,0.3032258064516129,0.3049387131433304,0.5797872340425532,0.2071244233775848,0.0196681891949415
2026-09-04,H+R+RBI over 3.5,310,0.1774193548387097,0.1843566040854046,0.5629946524064171,0.1447229056089669,0.0083514275207328,310.0,0.1774193548387097,0.1843566040854046,0.5629946524064171,0.1447229056089669,0.0083514275207328
2026-09-04,Total bases over 0.5,310,0.5903225806451613,0.600224331191254,0.5841616109461727,0.2363339056958527,0.0227749091101308,310.0,0.5903225806451613,0.600224331191254,0.5841616109461727,0.2363339056958527,0.0227749091101308
2026-09-04,Total bases over 1.5,310,0.3548387096774194,0.3598575881581693,0.5779090909090909,0.2242371720848898,0.0204912619382766,310.0,0.3548387096774194,0.3598575881581693,0.5779090909090909,0.2242371720848898,0.0204912619382766
2026-09-04,Total bases over 2.5,310,0.2193548387096774,0.2159801490108722,0.5428415167719981,0.1702734517939335,0.0056344969982365,310.0,0.2193548387096774,0.2159801490108722,0.5428415167719981,0.1702734517939335,0.0056344969982365
2026-09-04,Total bases over 3.5,310,0.1548387096774193,0.1546108574598544,0.5655613867684478,0.1298505838751476,0.0077416419845983,310.0,0.1548387096774193,0.1546108574598544,0.5655613867684478,0.1298505838751476,0.0077416419845983
2026-09-04,Hits over 0.5,310,0.5903225806451613,0.608727219331593,0.6107525493739512,0.2344365172635138,0.0306204849609019,310.0,0.5903225806451613,0.608727219331593,0.6107525493739512,0.2344365172635138,0.0306204849609019
2026-09-04,Hits over 1.5,310,0.2258064516129032,0.2285306858522176,0.6285119047619048,0.1686853843398186,0.0350794383894895,310.0,0.2258064516129032,0.2285306858522176,0.6285119047619048,0.1686853843398186,0.0350794383894895
2026-09-04,Hits over 2.5,310,0.0451612903225806,0.0529242862492131,0.6713320463320462,0.0423569864172615,0.0177349433641821,310.0,0.0451612903225806,0.0529242862492131,0.6713320463320462,0.0423569864172615,0.0177349433641821
2026-09-05,at least 1 home run,264,0.125,0.1168690448018126,0.6389872753509117,0.1066043753163944,0.0253314256786791,264.0,0.125,0.1168690448018126,0.6389872753509117,0.1066043753163944,0.0253314256786791
2026-09-05,at least 1 hit,264,0.6174242424242424,0.621405227231001,0.5450403936099131,0.2353508479572371,0.0036437648528458,264.0,0.6174242424242424,0.621405227231001,0.5450403936099131,0.2353508479572371,0.0036437648528458
2026-09-05,at least 1 walk,264,0.2954545454545454,0.324754567218684,0.6539840088227185,0.1988279738194187,0.0448363342074572,264.0,0.2954545454545454,0.324754567218684,0.6539840088227185,0.1988279738194187,0.0448363342074572
2026-09-05,H+R+RBI over 0.5,264,0.696969696969697,0.6622681814344539,0.5862771739130435,0.2090348365103731,0.0102654914791462,264.0,0.696969696969697,0.6622681814344539,0.5862771739130435,0.2090348365103731,0.0102654914791462
2026-09-05,H+R+RBI over 1.5,264,0.4848484848484848,0.4583431169435789,0.580422794117647,0.2466009693685657,0.012689501314823,264.0,0.4848484848484848,0.4583431169435789,0.580422794117647,0.2466009693685657,0.012689501314823
2026-09-05,H+R+RBI over 2.5,264,0.3106060606060606,0.2986528865704644,0.5617796837309033,0.2130431742357426,0.005075243129569,264.0,0.3106060606060606,0.2986528865704644,0.5617796837309033,0.2130431742357426,0.005075243129569
2026-09-05,H+R+RBI over 3.5,264,0.1818181818181818,0.1794722078044511,0.603587962962963,0.1469033793146082,0.0124828390517996,264.0,0.1818181818181818,0.1794722078044511,0.603587962962963,0.1469033793146082,0.0124828390517996
2026-09-05,Total bases over 0.5,264,0.6174242424242424,0.5940116375349966,0.5702484358865334,0.2336579328058943,0.0108107097831738,264.0,0.6174242424242424,0.5940116375349966,0.5702484358865334,0.2336579328058943,0.0108107097831738
2026-09-05,Total bases over 1.5,264,0.3787878787878788,0.3545055644360545,0.5660975609756097,0.2347306979294716,0.0024517851894845,264.0,0.3787878787878788,0.3545055644360545,0.5660975609756097,0.2347306979294716,0.0024517851894845
2026-09-05,Total bases over 2.5,264,0.2159090909090909,0.2120142036411901,0.5497076023391813,0.1695747367847986,-0.0016680104206563,264.0,0.2159090909090909,0.2120142036411901,0.5497076023391813,0.1695747367847986,-0.0016680104206563
2026-09-05,Total bases over 3.5,264,0.1515151515151515,0.1516745799013683,0.5388392857142859,0.1288122356101919,-0.0019751755678503,264.0,0.1515151515151515,0.1516745799013683,0.5388392857142859,0.1288122356101919,-0.0019751755678503
2026-09-05,Hits over 0.5,264,0.6174242424242424,0.6022100058230858,0.5451011358804592,0.2354296127020644,0.0033103148342901,264.0,0.6174242424242424,0.6022100058230858,0.5451011358804592,0.2354296127020644,0.0033103148342901
2026-09-05,Hits over 1.5,264,0.231060606060606,0.2226013053051202,0.5533392554308325,0.1777503814079419,-0.0004433968027071,264.0,0.231060606060606,0.2226013053051202,0.5533392554308325,0.1777503814079419,-0.0004433968027071
2026-09-05,Hits over 2.5,264,0.0378787878787878,0.0506236148145789,0.5862204724409448,0.0367140504939623,-0.0074104185933849,264.0,0.0378787878787878,0.0506236148145789,0.5862204724409448,0.0367140504939623,-0.0074104185933849
2026-09-06,at least 1 home run,239,0.1213389121338912,0.1197597793522059,0.6139573070607554,0.1045877044974084,0.0190222875867873,239.0,0.1213389121338912,0.1197597793522059,0.6139573070607554,0.1045877044974084,0.0190222875867873
2026-09-06,at least 1 hit,239,0.5732217573221757,0.6233379803984249,0.6779018176613713,0.2342430930523345,0.0424932218232142,239.0,0.5732217573221757,0.6233379803984249,0.6779018176613713,0.2342430930523345,0.0424932218232142
2026-09-06,at least 1 walk,239,0.2887029288702928,0.3328312555223092,0.6459505541346974,0.1977493940886021,0.0370295703550688,239.0,0.2887029288702928,0.3328312555223092,0.6459505541346974,0.1977493940886021,0.0370295703550688
2026-09-06,H+R+RBI over 0.5,239,0.6401673640167364,0.6662382610409493,0.7022343821249429,0.2192510877134424,0.0481956694573991,239.0,0.6401673640167364,0.6662382610409493,0.7022343821249429,0.2192510877134424,0.0481956694573991
2026-09-06,H+R+RBI over 1.5,239,0.4351464435146444,0.4633922102318972,0.6631766381766381,0.2364652236967028,0.0379537006567409,239.0,0.4351464435146444,0.4633922102318972,0.6631766381766381,0.2364652236967028,0.0379537006567409
2026-09-06,H+R+RBI over 2.5,239,0.301255230125523,0.3029124684999502,0.6254990019960079,0.2047433090397641,0.0273500868545938,239.0,0.301255230125523,0.3029124684999502,0.6254990019960079,0.2047433090397641,0.0273500868545938
2026-09-06,H+R+RBI over 3.5,239,0.1799163179916318,0.1826152694089054,0.6681300427147604,0.1426789705169009,0.0329893836146304,239.0,0.1799163179916318,0.1826152694089054,0.6681300427147604,0.1426789705169009,0.0329893836146304
2026-09-06,Total bases over 0.5,239,0.5732217573221757,0.5991194833920451,0.6743953055674824,0.2329728667196348,0.0476854787539525,239.0,0.5732217573221757,0.5991194833920451,0.6743953055674824,0.2329728667196348,0.0476854787539525
2026-09-06,Total bases over 1.5,239,0.3263598326359833,0.358762832291097,0.6484312788660616,0.2126135917265147,0.0329112141256364,239.0,0.3263598326359833,0.358762832291097,0.6484312788660616,0.2126135917265147,0.0329112141256364
2026-09-06,Total bases over 2.5,239,0.2175732217573222,0.2146199931688816,0.6442821883998355,0.1655083218079321,0.0277662638841126,239.0,0.2175732217573222,0.2146199931688816,0.6442821883998355,0.1655083218079321,0.0277662638841126
2026-09-06,Total bases over 3.5,239,0.1631799163179916,0.1530260918284459,0.6333333333333334,0.133668452340591,0.0211185043401413,239.0,0.1631799163179916,0.1530260918284459,0.6333333333333334,0.133668452340591,0.0211185043401413
2026-09-06,Hits over 0.5,239,0.5732217573221757,0.6038720679682138,0.6778302561900672,0.2333720734366052,0.0460536563065456,239.0,0.5732217573221757,0.6038720679682138,0.6778302561900672,0.2333720734366052,0.0460536563065456
2026-09-06,Hits over 1.5,239,0.1882845188284518,0.2243658468782069,0.6625429553264605,0.1472302393854958,0.0366622561352911,239.0,0.1882845188284518,0.2243658468782069,0.6625429553264605,0.1472302393854958,0.0366622561352911
2026-09-06,Hits over 2.5,239,0.0418410041841004,0.051418057004425,0.7899563318777293,0.038320657076903,0.0441422476463849,239.0,0.0418410041841004,0.051418057004425,0.7899563318777293,0.038320657076903,0.0441422476463849
2026-09-07,at least 1 home run,191,0.094240837696335,0.1125939112197863,0.5889531149646756,0.0842831165774097,0.0126100270197546,191.0,0.094240837696335,0.1125939112197863,0.5889531149646756,0.0842831165774097,0.0126100270197546
2026-09-07,at least 1 hit,191,0.5654450261780105,0.619814329347263,0.5030120481927711,0.2504346351736915,-0.0191996793587057,191.0,0.5654450261780105,0.619814329347263,0.5030120481927711,0.2504346351736915,-0.0191996793587057
2026-09-07,at least 1 walk,191,0.3141361256544502,0.3293962988343614,0.6184478371501272,0.207582712419856,0.0365362682202583,191.0,0.3141361256544502,0.3293962988343614,0.6184478371501272,0.207582712419856,0.0365362682202583
2026-09-07,H+R+RBI over 0.5,191,0.6387434554973822,0.663527812487161,0.530767403183654,0.2313367669380779,-0.0025417670073675,191.0,0.6387434554973822,0.663527812487161,0.530767403183654,0.2313367669380779,-0.0025417670073675
2026-09-07,H+R+RBI over 1.5,191,0.418848167539267,0.4598739385463533,0.5028153153153153,0.2469402930390135,-0.0144852286437222,191.0,0.418848167539267,0.4598739385463533,0.5028153153153153,0.2469402930390135,-0.0144852286437222
2026-09-07,H+R+RBI over 2.5,191,0.2670157068062827,0.2985751490593821,0.5887955182072829,0.1936968827332917,0.0103282942586528,191.0,0.2670157068062827,0.2985751490593821,0.5887955182072829,0.1936968827332917,0.0103282942586528
2026-09-07,H+R+RBI over 3.5,191,0.1570680628272251,0.178738070628306,0.6374741200828158,0.1299046637014463,0.0188298061092203,191.0,0.1570680628272251,0.178738070628306,0.6374741200828158,0.1299046637014463,0.0188298061092203
2026-09-07,Total bases over 0.5,191,0.5654450261780105,0.5982888554290914,0.5032351628737171,0.2483134826367497,-0.0105671753760894,191.0,0.5654450261780105,0.5982888554290914,0.5032351628737171,0.2483134826367497,-0.0105671753760894
2026-09-07,Total bases over 1.5,191,0.3141361256544502,0.3534151874252574,0.5349872773536896,0.2168227791291823,-0.0063501024696819,191.0,0.3141361256544502,0.3534151874252574,0.5349872773536896,0.2168227791291823,-0.0063501024696819
2026-09-07,Total bases over 2.5,191,0.1570680628272251,0.2065856587076778,0.6113871635610766,0.1318027978750617,0.004493194766019,191.0,0.1570680628272251,0.2065856587076778,0.6113871635610766,0.1318027978750617,0.004493194766019
2026-09-07,Total bases over 3.5,191,0.1256544502617801,0.1438797096840604,0.5920658682634731,0.1079203979337151,0.0177035835778786,191.0,0.1256544502617801,0.1438797096840604,0.5920658682634731,0.1079203979337151,0.0177035835778786
2026-09-07,Hits over 0.5,191,0.5654450261780105,0.6009707943261523,0.5032351628737171,0.2485220840921475,-0.0114161255874198,191.0,0.5654450261780105,0.6009707943261523,0.5032351628737171,0.2485220840921475,-0.0114161255874198
2026-09-07,Hits over 1.5,191,0.2146596858638743,0.2201350325199565,0.5678048780487805,0.167345358809237,0.0073291000455647,191.0,0.2146596858638743,0.2201350325199565,0.5678048780487805,0.167345358809237,0.0073291000455647
2026-09-07,Hits over 2.5,191,0.031413612565445,0.0491475351606557,0.6306306306306306,0.0306229101203205,-0.0064453910805541,191.0,0.031413612565445,0.0491475351606557,0.6306306306306306,0.0306229101203205,-0.0064453910805541
2026-09-08,at least 1 home run,268,0.126865671641791,0.1162972739425589,0.6245600804424334,0.1093467214172712,0.0128558422481037,268.0,0.126865671641791,0.1162972739425589,0.6245600804424334,0.1093467214172712,0.0128558422481037
2026-09-08,at least 1 hit,268,0.6007462686567164,0.6192847810202994,0.5896557729146108,0.2356849412614501,0.0173660404503169,268.0,0.6007462686567164,0.6192847810202994,0.5896557729146108,0.2356849412614501,0.0173660404503169
2026-09-08,at least 1 walk,268,0.2947761194029851,0.342003205861245,0.5771883999732101,0.2082718941355907,-0.0018699701556939,268.0,0.2947761194029851,0.342003205861245,0.5771883999732101,0.2082718941355907,-0.0018699701556939
2026-09-08,H+R+RBI over 0.5,268,0.6604477611940298,0.6644683201662159,0.5927857453281182,0.2208496480392888,0.0151918345580253,268.0,0.6604477611940298,0.6644683201662159,0.5927857453281182,0.2208496480392888,0.0151918345580253
2026-09-08,H+R+RBI over 1.5,268,0.4701492537313433,0.4610244791094479,0.5591884641180416,0.2474154024473083,0.0067983531536174,268.0,0.4701492537313433,0.4610244791094479,0.5591884641180416,0.2474154024473083,0.0067983531536174
2026-09-08,H+R+RBI over 2.5,268,0.2798507462686567,0.3008904486719564,0.5682210708117444,0.1999743826624322,0.0077402376271824,268.0,0.2798507462686567,0.3008904486719564,0.5682210708117444,0.1999743826624322,0.0077402376271824
2026-09-08,H+R+RBI over 3.5,268,0.167910447761194,0.1808951476454314,0.5467862481315396,0.1393849580811692,0.0023731709793817,268.0,0.167910447761194,0.1808951476454314,0.5467862481315396,0.1393849580811692,0.0023731709793817
2026-09-08,Total bases over 0.5,268,0.6007462686567164,0.5982330422842124,0.5896557729146108,0.2355385003458225,0.017976592045141,268.0,0.6007462686567164,0.5982330422842124,0.5896557729146108,0.2355385003458225,0.017976592045141
2026-09-08,Total bases over 1.5,268,0.373134328358209,0.3549932180488026,0.5160714285714286,0.2352749355907525,-0.0058563674922744,268.0,0.373134328358209,0.3549932180488026,0.5160714285714286,0.2352749355907525,-0.0058563674922744
2026-09-08,Total bases over 2.5,268,0.2014925373134328,0.2090699313551924,0.5520941502249913,0.1606801209453071,0.0013249388390672,268.0,0.2014925373134328,0.2090699313551924,0.5520941502249913,0.1606801209453071,0.0013249388390672
2026-09-08,Total bases over 3.5,268,0.1641791044776119,0.1470607005428877,0.5898944805194806,0.1361232243338686,0.0080241005929604,268.0,0.1641791044776119,0.1470607005428877,0.5898944805194806,0.1361232243338686,0.0080241005929604
2026-09-08,Hits over 0.5,268,0.6007462686567164,0.600439013949836,0.5898299181517387,0.2354983531640924,0.0181439764522105,268.0,0.6007462686567164,0.600439013949836,0.5898299181517387,0.2354983531640924,0.0181439764522105
2026-09-08,Hits over 1.5,268,0.2164179104477611,0.2199551982764105,0.5519704433497536,0.1689111644264392,0.0039511105283602,268.0,0.2164179104477611,0.2199551982764105,0.5519704433497536,0.1689111644264392,0.0039511105283602
2026-09-08,Hits over 2.5,268,0.0373134328358208,0.0491989575770955,0.5298449612403101,0.0361499964038013,-0.006371062676989,268.0,0.0373134328358208,0.0491989575770955,0.5298449612403101,0.0361499964038013,-0.006371062676989
2026-09-09,at least 1 home run,224,0.1428571428571428,0.1168074177663847,0.728515625,0.1182024846736945,0.0346797084981612,224.0,0.1428571428571428,0.1168074177663847,0.728515625,0.1182024846736945,0.0346797084981612
2026-09-09,at least 1 hit,224,0.6607142857142857,0.6292331563018531,0.5528093883357041,0.2229043338968489,0.0056500837830468,224.0,0.6607142857142857,0.6292331563018531,0.5528093883357041,0.2229043338968489,0.0056500837830468
2026-09-09,at least 1 walk,224,0.3169642857142857,0.3291610255327882,0.6286477032127404,0.2081799737625787,0.0384204765247948,224.0,0.3169642857142857,0.3291610255327882,0.6286477032127404,0.2081799737625787,0.0384204765247948
2026-09-09,H+R+RBI over 0.5,224,0.7366071428571429,0.6682576096167099,0.5715459681561377,0.196779536433845,-0.0142383174221476,224.0,0.7366071428571429,0.6682576096167099,0.5715459681561377,0.196779536433845,-0.0142383174221476
2026-09-09,H+R+RBI over 1.5,224,0.4955357142857143,0.4651526794153613,0.6001753966355737,0.24551051442222,0.0178796482779785,224.0,0.4955357142857143,0.4651526794153613,0.6001753966355737,0.24551051442222,0.0178796482779785
2026-09-09,H+R+RBI over 2.5,224,0.3303571428571428,0.3040034080670694,0.5957657657657657,0.2176739117031547,0.0160354780524784,224.0,0.3303571428571428,0.3040034080670694,0.5957657657657657,0.2176739117031547,0.0160354780524784
2026-09-09,H+R+RBI over 3.5,224,0.1830357142857142,0.1832550210232431,0.6585365853658537,0.1459184545061226,0.0241764129949073,224.0,0.1830357142857142,0.1832550210232431,0.6585365853658537,0.1459184545061226,0.0241764129949073
2026-09-09,Total bases over 0.5,224,0.6607142857142857,0.6061976337738696,0.5528093883357041,0.2248805376324323,-0.003165527760039,224.0,0.6607142857142857,0.6061976337738696,0.5528093883357041,0.2248805376324323,-0.003165527760039
2026-09-09,Total bases over 1.5,224,0.3705357142857143,0.3620442688565335,0.604118602067846,0.2279986076189201,0.0224679025987406,224.0,0.3705357142857143,0.3620442688565335,0.604118602067846,0.2279986076189201,0.0224679025987406
2026-09-09,Total bases over 2.5,224,0.2053571428571428,0.2138399455105933,0.6659745969711773,0.1579692053089129,0.031965944604297,224.0,0.2053571428571428,0.2138399455105933,0.6659745969711773,0.1579692053089129,0.031965944604297
2026-09-09,Total bases over 3.5,224,0.1651785714285714,0.1495134092894345,0.6896950426362191,0.1334505858884722,0.0322276922185311,224.0,0.1651785714285714,0.1495134092894345,0.6896950426362191,0.1334505858884722,0.0322276922185311
2026-09-09,Hits over 0.5,224,0.6607142857142857,0.6093221329877113,0.5528093883357041,0.2245489806862363,-0.0016864913684739,224.0,0.6607142857142857,0.6093221329877113,0.5528093883357041,0.2245489806862363,-0.0016864913684739
2026-09-09,Hits over 1.5,224,0.2142857142857142,0.2290359312736656,0.5749289772727273,0.1663183390890266,0.012169864804569,224.0,0.2142857142857142,0.2290359312736656,0.5749289772727273,0.1663183390890266,0.012169864804569
2026-09-09,Hits over 2.5,224,0.0491071428571428,0.0530295210330217,0.4976525821596244,0.0471288897718965,-0.0092783496349471,224.0,0.0491071428571428,0.0530295210330217,0.4976525821596244,0.0471288897718965,-0.0092783496349471
2026-09-10,at least 1 home run,75,0.08,0.1173571295713307,0.6231884057971014,0.0750079866984104,-0.0191302540544893,75.0,0.08,0.1173571295713307,0.6231884057971014,0.0750079866984104,-0.0191302540544893
2026-09-10,at least 1 hit,75,0.4533333333333333,0.6206991118226035,0.4835007173601148,0.2796828440817836,-0.1285624088665946,75.0,0.4533333333333333,0.6206991118226035,0.4835007173601148,0.2796828440817836,-0.1285624088665946
2026-09-10,at least 1 walk,75,0.24,0.3200503720889167,0.6159844054580896,0.1835311522992555,-0.0062014928687252,75.0,0.24,0.3200503720889167,0.6159844054580896,0.1835311522992555,-0.0062014928687252
2026-09-10,H+R+RBI over 0.5,75,0.48,0.6590724139111105,0.5021367521367521,0.2845844436052269,-0.1401620336747873,75.0,0.48,0.6590724139111105,0.5021367521367521,0.2845844436052269,-0.1401620336747873
2026-09-10,H+R+RBI over 1.5,75,0.28,0.4557489317501356,0.4259259259259259,0.2405793804619303,-0.1933501014976701,75.0,0.28,0.4557489317501356,0.4259259259259259,0.2405793804619303,-0.1933501014976701
2026-09-10,H+R+RBI over 2.5,75,0.1866666666666666,0.2972091820022915,0.4285714285714286,0.1696807219708271,-0.1176277061895814,75.0,0.1866666666666666,0.2972091820022915,0.4285714285714286,0.1696807219708271,-0.1176277061895814
2026-09-10,H+R+RBI over 3.5,75,0.1066666666666666,0.1784959496221698,0.4757462686567164,0.1028292640261013,-0.0791317353485452,75.0,0.1066666666666666,0.1784959496221698,0.4757462686567164,0.1028292640261013,-0.0791317353485452
2026-09-10,Total bases over 0.5,75,0.4533333333333333,0.5980874237046268,0.4827833572453371,0.2721566892783782,-0.0981932404525665,75.0,0.4533333333333333,0.5980874237046268,0.4827833572453371,0.2721566892783782,-0.0981932404525665
2026-09-10,Total bases over 1.5,75,0.2266666666666666,0.3545018389844964,0.4594320486815416,0.1976061805738309,-0.1273172066204861,75.0,0.2266666666666666,0.3545018389844964,0.4594320486815416,0.1976061805738309,-0.1273172066204861
2026-09-10,Total bases over 2.5,75,0.12,0.2094737400918175,0.5521885521885521,0.1140902848231454,-0.0804004244616045,75.0,0.12,0.2094737400918175,0.5521885521885521,0.1140902848231454,-0.0804004244616045
2026-09-10,Total bases over 3.5,75,0.1066666666666666,0.1478061396256831,0.5634328358208955,0.0974767311127684,-0.0229600979651545,75.0,0.1066666666666666,0.1478061396256831,0.5634328358208955,0.0974767311127684,-0.0229600979651545
2026-09-10,Hits over 0.5,75,0.4533333333333333,0.6015058929983785,0.4835007173601148,0.2732270751696195,-0.1025124087726756,75.0,0.4533333333333333,0.6015058929983785,0.4835007173601148,0.2732270751696195,-0.1025124087726756
2026-09-10,Hits over 1.5,75,0.12,0.2221219726228364,0.4814814814814814,0.1202927876840182,-0.1391362470077486,75.0,0.12,0.2221219726228364,0.4814814814814814,0.1202927876840182,-0.1391362470077486
2026-09-10,Hits over 2.5,75,0.0133333333333333,0.0504622198037987,0.527027027027027,0.0149380083953888,-0.1354905030278692,75.0,0.0133333333333333,0.0504622198037987,0.527027027027027,0.0149380083953888,-0.1354905030278692
2026-09-11,at least 1 home run,223,0.085201793721973,0.1179871533217151,0.7260061919504643,0.0766088730045597,0.0171097405459875,223.0,0.085201793721973,0.1179871533217151,0.7260061919504643,0.0766088730045597,0.0171097405459875
2026-09-11,at least 1 hit,223,0.6053811659192825,0.6275699861754847,0.5496632996632996,0.2378480882541583,0.004381516768431,223.0,0.6053811659192825,0.6275699861754847,0.5496632996632996,0.2378480882541583,0.004381516768431
2026-09-11,at least 1 walk,223,0.3273542600896861,0.3271676310934554,0.5815525114155251,0.217852472554288,0.0106314513559641,223.0,0.3273542600896861,0.3271676310934554,0.5815525114155251,0.217852472554288,0.0106314513559641
2026-09-11,H+R+RBI over 0.5,223,0.6995515695067265,0.6681351687126207,0.544393417527746,0.2103589243929707,-0.0008552383407995,223.0,0.6995515695067265,0.6681351687126207,0.544393417527746,0.2103589243929707,-0.0008552383407995
2026-09-11,H+R+RBI over 1.5,223,0.4125560538116592,0.4645243600446874,0.5766677729837372,0.2417183734007746,0.0026208935573248,223.0,0.4125560538116592,0.4645243600446874,0.5766677729837372,0.2417183734007746,0.0026208935573248
2026-09-11,H+R+RBI over 2.5,223,0.2780269058295964,0.3030548589401171,0.605489881787217,0.1976115810251828,0.0155253142855822,223.0,0.2780269058295964,0.3030548589401171,0.605489881787217,0.1976115810251828,0.0155253142855822
2026-09-11,H+R+RBI over 3.5,223,0.1569506726457399,0.1825084649967781,0.5993920972644377,0.1313711124188778,0.0071498405048058,223.0,0.1569506726457399,0.1825084649967781,0.5993920972644377,0.1313711124188778,0.0071498405048058
2026-09-11,Total bases over 0.5,223,0.6053811659192825,0.6045464604941577,0.5499999999999999,0.2373209062169886,0.0065882706006203,223.0,0.6053811659192825,0.6045464604941577,0.5499999999999999,0.2373209062169886,0.0065882706006203
2026-09-11,Total bases over 1.5,223,0.3497757847533632,0.361308141979264,0.5835543766578251,0.2244190039524651,0.0132508711271318,223.0,0.3497757847533632,0.361308141979264,0.5835543766578251,0.2244190039524651,0.0132508711271318
2026-09-11,Total bases over 2.5,223,0.2286995515695067,0.214096316467766,0.6673506611947105,0.1708461970190793,0.0314625477015733,223.0,0.2286995515695067,0.214096316467766,0.6673506611947105,0.1708461970190793,0.0314625477015733
2026-09-11,Total bases over 3.5,223,0.1345291479820627,0.1503464053163629,0.6768566493955094,0.1135709547367049,0.0245647654401378,223.0,0.1345291479820627,0.1503464053163629,0.6768566493955094,0.1135709547367049,0.0245647654401378
2026-09-11,Hits over 0.5,223,0.6053811659192825,0.6077063657552411,0.5499158249158249,0.2373295787485712,0.0065519678798229,223.0,0.6053811659192825,0.6077063657552411,0.5499158249158249,0.2373295787485712,0.0065519678798229
2026-09-11,Hits over 1.5,223,0.2242152466367713,0.2271277667453102,0.6599999999999999,0.1684610534431728,0.0315144824652552,223.0,0.2242152466367713,0.2271277667453102,0.6599999999999999,0.1684610534431728,0.0315144824652552
2026-09-11,Hits over 2.5,223,0.0672645739910313,0.0520429354196577,0.641025641025641,0.0624462608791361,0.004682657929948,223.0,0.0672645739910313,0.0520429354196577,0.641025641025641,0.0624462608791361,0.004682657929948
2026-09-13,at least 1 home run,262,0.1297709923664122,0.1170099853303382,0.5968782249742002,0.1116151952907906,0.0116468697702489,262.0,0.1297709923664122,0.1170099853303382,0.5968782249742002,0.1116151952907906,0.0116468697702489
2026-09-13,at least 1 hit,262,0.5992366412213741,0.6216396694676855,0.6013345465574764,0.2346520665917762,0.0229022469441377,262.0,0.5992366412213741,0.6216396694676855,0.6013345465574764,0.2346520665917762,0.0229022469441377
2026-09-13,at least 1 walk,262,0.3396946564885496,0.3356838355528672,0.6179125803727998,0.2162431531969375,0.0359294013086591,262.0,0.3396946564885496,0.3356838355528672,0.6179125803727998,0.2162431531969375,0.0359294013086591
2026-09-13,H+R+RBI over 0.5,262,0.6526717557251909,0.6650478650123975,0.5753486279802069,0.2240719191459148,0.0115549888919622,262.0,0.6526717557251909,0.6650478650123975,0.5753486279802069,0.2240719191459148,0.0115549888919622
2026-09-13,H+R+RBI over 1.5,262,0.4618320610687023,0.4619466394355738,0.58847664263525,0.2440845904361026,0.017939005574361,262.0,0.4618320610687023,0.4619466394355738,0.58847664263525,0.2440845904361026,0.017939005574361
2026-09-13,H+R+RBI over 2.5,262,0.3206106870229007,0.3015673883607603,0.5891519529159979,0.2145152250823908,0.0151696689034486,262.0,0.3206106870229007,0.3015673883607603,0.5891519529159979,0.2145152250823908,0.0151696689034486
2026-09-13,H+R+RBI over 3.5,262,0.1946564885496183,0.181598236327555,0.6015240219310473,0.1544466968769037,0.0147905342980969,262.0,0.1946564885496183,0.181598236327555,0.6015240219310473,0.1544466968769037,0.0147905342980969
2026-09-13,Total bases over 0.5,262,0.5992366412213741,0.5993636903996581,0.6013345465574765,0.2344320995512712,0.023818195838795,262.0,0.5992366412213741,0.5993636903996581,0.6013345465574765,0.2344320995512712,0.023818195838795
2026-09-13,Total bases over 1.5,262,0.3931297709923664,0.3568164009517133,0.6067045246382121,0.2341562989184255,0.018536668317982,262.0,0.3931297709923664,0.3568164009517133,0.6067045246382121,0.2341562989184255,0.018536668317982
2026-09-13,Total bases over 2.5,262,0.2099236641221374,0.2109128715562327,0.58866930171278,0.1632854420782568,0.0154970675432711,262.0,0.2099236641221374,0.2109128715562327,0.58866930171278,0.1632854420782568,0.0154970675432711
2026-09-13,Total bases over 3.5,262,0.1526717557251908,0.1483781599401863,0.5939189189189189,0.1277527750469566,0.0124480303689986,262.0,0.1526717557251908,0.1483781599401863,0.5939189189189189,0.1277527750469566,0.0124480303689986
2026-09-13,Hits over 0.5,262,0.5992366412213741,0.6018838799091154,0.6012738853503184,0.2344163655782362,0.023883712541556,262.0,0.5992366412213741,0.6018838799091154,0.6012738853503184,0.2344163655782362,0.023883712541556
2026-09-13,Hits over 1.5,262,0.232824427480916,0.2224776602426529,0.6276812658021368,0.1739040827597383,0.0263867664171375,262.0,0.232824427480916,0.2224776602426529,0.6276812658021368,0.1739040827597383,0.0263867664171375
2026-09-13,Hits over 2.5,262,0.049618320610687,0.0504919523863303,0.7333951189372876,0.0458609147317528,0.0274709203440098,262.0,0.049618320610687,0.0504919523863303,0.7333951189372876,0.0458609147317528,0.0274709203440098
2026-09-14,at least 1 home run,167,0.1317365269461078,0.121299576641244,0.6072100313479624,0.11196946825281422,0.02109200623738705,167.0,0.1317365269461078,0.121299576641244,0.6072100313479624,0.11196946825281422,0.02109200623738705
2026-09-14,at least 1 hit,167,0.6526946107784432,0.6278626628768672,0.5677000949066751,0.22438814075621458,0.010129570143931454,167.0,0.6526946107784432,0.6278626628768672,0.5677000949066751,0.22438814075621458,0.010129570143931454
2026-09-14,at least 1 walk,167,0.31137724550898205,0.3367350290211827,0.5555183946488294,0.21283564846237904,0.0073957525138312885,167.0,0.31137724550898205,0.3367350290211827,0.5555183946488294,0.21283564846237904,0.0073957525138312885
2026-09-14,H+R+RBI over 0.5,167,0.7005988023952096,0.6704498468669994,0.5611965811965812,0.20898412705047753,0.003699432596450003,167.0,0.7005988023952096,0.6704498468669994,0.5611965811965812,0.20898412705047753,0.003699432596450003
2026-09-14,H+R+RBI over 1.5,167,0.46706586826347307,0.4667906819033313,0.5933448573898011,0.24379254111450854,0.02058049853896171,167.0,0.46706586826347307,0.4667906819033313,0.5933448573898011,0.24379254111450854,0.02058049853896171
2026-09-14,H+R+RBI over 2.5,167,0.32335329341317365,0.30582441135877425,0.6394624713208784,0.21206346987958155,0.03077054875915275,167.0,0.32335329341317365,0.30582441135877425,0.6394624713208784,0.21206346987958155,0.03077054875915275
2026-09-14,H+R+RBI over 3.5,167,0.18562874251497005,0.18497128044963995,0.6155123339658444,0.1478029931774868,0.022277590909172584,167.0,0.18562874251497005,0.18497128044963995,0.6155123339658444,0.1478029931774868,0.022277590909172584
2026-09-14,Total bases over 0.5,167,0.6526946107784432,0.6054375671680535,0.5673837393229991,0.22601271365562095,0.0029628960547912753,167.0,0.6526946107784432,0.6054375671680535,0.5673837393229991,0.22601271365562095,0.0029628960547912753
2026-09-14,Total bases over 1.5,167,0.3532934131736527,0.36308462814154446,0.6252354048964219,0.22057852778306347,0.03457084724704085,167.0,0.3532934131736527,0.36308462814154446,0.6252354048964219,0.22057852778306347,0.03457084724704085
2026-09-14,Total bases over 2.5,167,0.20359281437125748,0.2162684250664119,0.6999115435647943,0.15386053476218997,0.0510799526796295,167.0,0.20359281437125748,0.2162684250664119,0.6999115435647943,0.15386053476218997,0.0510799526796295
2026-09-14,Total bases over 3.5,167,0.17365269461077845,0.15311358482740814,0.6906546726636682,0.1376466199805932,0.04077296735663061,167.0,0.17365269461077845,0.15311358482740814,0.6906546726636682,0.1376466199805932,0.04077296735663061
2026-09-14,Hits over 0.5,167,0.6526946107784432,0.608653770875688,0.567541917114837,0.2257377269995071,0.0041759778093561906,167.0,0.6526946107784432,0.608653770875688,0.567541917114837,0.2257377269995071,0.0041759778093561906
2026-09-14,Hits over 1.5,167,0.2215568862275449,0.22725919605417785,0.6068607068607069,0.1691615077249456,0.019179773608938078,167.0,0.2215568862275449,0.22725919605417785,0.6068607068607069,0.1691615077249456,0.019179773608938078
2026-09-14,Hits over 2.5,167,0.04790419161676647,0.05200202042729168,0.539308176100629,0.04553352872089309,0.0016630640746952974,167.0,0.04790419161676647,0.05200202042729168,0.539308176100629,0.04553352872089309,0.0016630640746952974
