game_pk,player_id,name,team,opponent,is_home,lineup_slot,lineup_status,opposing_pitcher,venue_name,start_time_utc,expected_pa,batter_pa_seen,pitcher_pa_seen,prob_hr,prob_hit,prob_walk,prob_k,prob_hrr_over_0.5,prob_hrr_over_1.5,prob_hrr_over_2.5,prob_hrr_over_3.5,prob_tb_over_0.5,prob_tb_over_1.5,prob_tb_over_2.5,prob_tb_over_3.5,prob_hits_over_0.5,prob_hits_over_1.5,prob_hits_over_2.5,predicted_at_utc
822861,607043,Brandon Nimmo,TEX,WSH,1,1,projected,Andrew Alvarez,Globe Life Field,2026-08-21T00:05:00Z,4.468949425770443,3427,459,0.10326225276400454,0.6712517348281548,0.4054429908147423,0.6531459863378207,0.6988921512509115,0.49946610830543275,0.33475629493649833,0.20796075913483617,0.6258804591436341,0.3832396610194589,0.2325560238909037,0.1652291616170712,0.6470175232563433,0.2677867855937182,0.07001683387261619,2026-08-20T17:12:11Z
822861,682928,CJ Abrams,WSH,TEX,0,1,projected,Jacob deGrom,Globe Life Field,2026-08-21T00:05:00Z,4.611154692053971,2954,1691,0.16055341488976393,0.6617006005620611,0.31148662716225123,0.7910869678718507,0.703569024649619,0.5058324763363146,0.34138941531570055,0.21388821834133578,0.6620791584783277,0.42162858510110124,0.26318639848696673,0.18698486498998013,0.6381306301035402,0.2603545008555333,0.06776351978849385,2026-08-20T17:12:11Z
822861,608369,Corey Seager,TEX,WSH,1,2,projected,Andrew Alvarez,Globe Life Field,2026-08-21T00:05:00Z,4.345714612040258,2741,459,0.15428125456086209,0.6479502219791432,0.4120221733357718,0.6352153180076326,0.7170015101572169,0.5196389588893587,0.35280033626699414,0.2220555119447928,0.6405714962914654,0.39728514785335367,0.24289623277443068,0.17226832472675982,0.6254842153078605,0.24491145674425074,0.059400516149823404,2026-08-20T17:12:11Z
822861,691781,Brady House,WSH,TEX,0,2,projected,Jacob deGrom,Globe Life Field,2026-08-21T00:05:00Z,4.003653478001485,628,1691,0.10135731136965678,0.6039498121181697,0.19930090137280418,0.8105311320067019,0.6317811628034612,0.4279333395535446,0.2723628273639494,0.16000270701916536,0.5659968602688746,0.32721090515395124,0.1913973821054203,0.13695428910975127,0.5845389836435437,0.20866649519889216,0.04612204313130861,2026-08-20T17:12:11Z
822861,694671,Wyatt Langford,TEX,WSH,1,3,projected,Andrew Alvarez,Globe Life Field,2026-08-21T00:05:00Z,4.222933090677817,1609,459,0.1323529730160215,0.6362590185263015,0.4721178598992298,0.6303119787833162,0.6935260497048598,0.4920587334597584,0.32695375600922366,0.20092849120626227,0.6209572159021227,0.376955562009146,0.22696219579237978,0.1610643689771304,0.6146774618035082,0.23345665603921376,0.054073985276400435,2026-08-20T17:12:11Z
822861,665953,Andrés Chaparro,WSH,TEX,0,3,projected,Jacob deGrom,Globe Life Field,2026-08-21T00:05:00Z,3.931877839916795,502,1691,0.13238054515961067,0.5651409138303006,0.28957807999991536,0.7213480036653491,0.6251229550699801,0.42061159202672543,0.26598076872351545,0.15517545487188714,0.5752116663846524,0.334876987921117,0.19677426133736772,0.1406961655093512,0.5483274384446336,0.1782122260422838,0.035462465424195226,2026-08-20T17:12:11Z
822861,592626,Joc Pederson,TEX,WSH,1,4,projected,Andrew Alvarez,Globe Life Field,2026-08-21T00:05:00Z,3.724052804087882,2181,459,0.1356481819485084,0.5594889274781254,0.4064571652594458,0.6320548161811044,0.6256064873610762,0.41900589828725754,0.2630333705340132,0.15177986399278853,0.5700662996532558,0.3280326893955135,0.19057988918051139,0.13606176381439883,0.543174241880303,0.1710013390570984,0.03129943365848801,2026-08-20T17:12:11Z
822861,660688,Keibert Ruiz,WSH,TEX,0,4,projected,Jacob deGrom,Globe Life Field,2026-08-21T00:05:00Z,3.9318778399167957,2248,1691,0.09730810174566325,0.60482733988151,0.21293822487328892,0.49507397910869244,0.6098458316876253,0.4052972765546546,0.25285585053170734,0.14505476137526851,0.5639294471836294,0.32434285526960205,0.18868133373042922,0.13486632429181533,0.5853968482229069,0.20772744815912236,0.04444856256779469,2026-08-20T17:12:11Z
822861,553869,Elias Díaz,TEX,WSH,1,5,projected,Andrew Alvarez,Globe Life Field,2026-08-21T00:05:00Z,3.724052804087883,1857,459,0.08769673681582009,0.5688121951188639,0.2701399247443953,0.60394666112739,0.5889011247516557,0.38343999912098076,0.23420153341061867,0.13103399920046996,0.5299389074804446,0.2934655911528547,0.16650781125339295,0.11978155329737536,0.5519279559912592,0.1772430697612124,0.03294093009253288,2026-08-20T17:12:11Z
822861,686611,Dylan Crews,WSH,TEX,0,5,projected,Jacob deGrom,Globe Life Field,2026-08-21T00:05:00Z,3.931877839916795,899,1691,0.09608906860050882,0.5476338934192377,0.26916598046967494,0.7714741908439163,0.5874322743906882,0.3833886733783014,0.23495677846825064,0.13207923556526222,0.5244160836699278,0.29018119378835455,0.16479676571963975,0.11868346045662277,0.5319429860295737,0.16430331066721396,0.029783151778839147,2026-08-20T17:12:11Z
822861,669394,Jake Burger,TEX,WSH,1,6,projected,Andrew Alvarez,Globe Life Field,2026-08-21T00:05:00Z,3.7240528040878824,2415,459,0.14338967400006508,0.5794116316755746,0.3077652078371775,0.6640180454511608,0.6464514554488286,0.43974298021167635,0.27996493373922055,0.16391756224885343,0.588257248348849,0.34405656685368874,0.20168258957446952,0.14343246981021474,0.5618422727121593,0.184843269951828,0.0350912923886337,2026-08-20T17:12:11Z
822861,695734,Daylen Lile,WSH,TEX,0,6,projected,Jacob deGrom,Globe Life Field,2026-08-21T00:05:00Z,3.9318778399167944,967,1691,0.12157850232285458,0.6037920772512976,0.227431577692758,0.668500691787654,0.6387351296640815,0.433023337837146,0.27515606016903266,0.16097246760622166,0.5977163788487069,0.3540529854799286,0.20959355566216467,0.1490121116624871,0.5845171885981503,0.20537991912977938,0.04295301115871269,2026-08-20T17:12:11Z
822861,677649,Ezequiel Duran,TEX,WSH,1,7,projected,Andrew Alvarez,Globe Life Field,2026-08-21T00:05:00Z,3.4631218493902223,1861,459,0.0826738051953115,0.5696546422293555,0.2913710244571306,0.5936795712288667,0.6048179804795022,0.39684230242344937,0.24380708724872055,0.13712340749379484,0.5326490721225501,0.2941646330674717,0.16633052237970958,0.1195876173557996,0.5528649132537216,0.17539323615233587,0.03131108270165281,2026-08-20T17:12:11Z
822861,677588,José Tena,WSH,TEX,0,7,projected,Jacob deGrom,Globe Life Field,2026-08-21T00:05:00Z,3.3907565303820344,790,1691,0.07739952151730006,0.5185968339436737,0.2507717553047104,0.7490601627562221,0.5402721340533905,0.3378451761905844,0.19826269900139745,0.10588478253073579,0.48943955193052696,0.25950057689140893,0.1433533292434611,0.10425163364831029,0.5049376849685736,0.14068657603083046,0.02169756492724155,2026-08-20T17:12:11Z
822861,643376,Danny Jansen,TEX,WSH,1,8,projected,Andrew Alvarez,Globe Life Field,2026-08-21T00:05:00Z,3.4631218493902227,1531,459,0.1030676049697521,0.5008753850457373,0.4499932391936849,0.5849802620758939,0.5903135382764558,0.3830838889386385,0.23287291055202533,0.12941360928699505,0.504856633581754,0.27175825174182294,0.15138138201824086,0.10956734182682808,0.48814445094993675,0.13051624343009582,0.019157357223993775,2026-08-20T17:12:11Z
822861,696285,Jacob Young,WSH,TEX,0,8,projected,Jacob deGrom,Globe Life Field,2026-08-21T00:05:00Z,3.3907565303820344,1519,1691,0.05700981112061042,0.5281047306361124,0.21324510624215165,0.5882443366015675,0.5469360303815857,0.3440832605119954,0.20312709202920004,0.10922936109283705,0.46998228163565786,0.24531945188829415,0.13435999117273995,0.09818028080971923,0.5138441896341377,0.14732580501543965,0.02352470823606956,2026-08-20T17:12:11Z
822861,670032,Nicky Lopez,TEX,WSH,1,9,projected,Andrew Alvarez,Globe Life Field,2026-08-21T00:05:00Z,3.1839347192013485,1609,459,0.03955433507066617,0.5199928977381023,0.26478937387308527,0.42333026332978557,0.5333963214156582,0.33018945952591877,0.19150896609188164,0.10069518549484309,0.44337697714282404,0.22426971589152675,0.12043948361348648,0.08884052192483441,0.5064348316622583,0.1386916597456975,0.019913008431439744,2026-08-20T17:12:11Z
822861,683083,Nasim Nuñez,WSH,TEX,0,9,projected,Jacob deGrom,Globe Life Field,2026-08-21T00:05:00Z,3.1282647836079014,721,1691,0.04960199431106279,0.4842329996621371,0.24285775754999506,0.5948690015569084,0.5108705699045064,0.3109139702602186,0.17735873110011896,0.09143185313485566,0.42254156696295375,0.20955404991054735,0.11132607490600022,0.08272142591922307,0.4726676823668314,0.11721535803448975,0.014895582049138155,2026-08-20T17:12:11Z
822934,802415,Chandler Simpson,TB,TOR,1,1,confirmed,Shane Bieber,Tropicana Field,2026-08-20T17:10:00Z,4.311746863841128,986,2049,0.06358087411705628,0.717179576762558,0.2236550202199968,0.3934452905969425,0.6965770386271107,0.49682234518553436,0.3323012841017857,0.2059532418518147,0.6139468593393471,0.37148335368922014,0.22361575957016494,0.15900520009930952,0.6893535966995696,0.31484875370375776,0.09260506592677786,2026-08-20T17:12:11Z
822934,807727,Charles McAdoo,TOR,TB,0,1,confirmed,Ian Seymour,Tropicana Field,2026-08-20T17:10:00Z,3.927139968816174,103,721,0.11220919413647013,0.5854661936847158,0.3014163082565646,0.6422794711233263,0.6382238149247574,0.4347852006566218,0.2787365296366296,0.16538986213265555,0.5653395814240793,0.32719297215626564,0.19199768535555675,0.13768501891485369,0.5673033347386361,0.19503838652664468,0.042444620978758285,2026-08-20T17:12:11Z
822934,691406,Junior Caminero,TB,TOR,1,2,confirmed,Shane Bieber,Tropicana Field,2026-08-20T17:10:00Z,4.31174686384113,1532,2049,0.1898064275785679,0.6681920150215925,0.27592898432544927,0.6002972854045397,0.728081316414588,0.5327369385934552,0.3650802351380742,0.23206550007358767,0.6775000110174414,0.436331773808445,0.2737443901341084,0.19394395009265217,0.644220237325289,0.2636391030317794,0.06732296190137137,2026-08-20T17:12:11Z
822934,663662,Daz Cameron,TOR,TB,0,2,confirmed,Ian Seymour,Tropicana Field,2026-08-20T17:10:00Z,3.9271399688161734,434,721,0.0853493554406398,0.5731596145301062,0.27230409842572734,0.7540554810283149,0.604543728406492,0.4008751089300615,0.25007048915606483,0.14376040696316028,0.5354993443508304,0.30075669609285577,0.17291781428176126,0.1244618159496857,0.5558120992924114,0.18467377525778494,0.03794471909280774,2026-08-20T17:12:11Z
822934,666018,Jonathan Aranda,TB,TOR,1,3,confirmed,Shane Bieber,Tropicana Field,2026-08-20T17:10:00Z,4.095432173770125,1469,2049,0.10675715318923389,0.6531032619277044,0.3448276471729627,0.6606866605615236,0.6702525065565175,0.46647859746670295,0.3042357905448315,0.1832494819819691,0.6064027908036677,0.36284785405600717,0.2164320302841931,0.1538287605436771,0.6302970326740057,0.24843673597959023,0.06012087433599154,2026-08-20T17:12:11Z
822934,672386,Alejandro Kirk,TOR,TB,0,3,confirmed,Ian Seymour,Tropicana Field,2026-08-20T17:10:00Z,3.927139968816174,2328,721,0.09783749301700706,0.6040754249941239,0.3455405546076357,0.4684851326074808,0.6131634479335882,0.4091948998825372,0.25645967734576625,0.14794882924557276,0.5551483950379398,0.3173056941653289,0.1840173395342098,0.13175505220152164,0.5846409958724091,0.2081986665381298,0.04514342046835591,2026-08-20T17:12:11Z
822934,650490,Yandy Díaz,TB,TOR,1,4,confirmed,Shane Bieber,Tropicana Field,2026-08-20T17:10:00Z,4.095432173770125,3186,2049,0.09859065813281868,0.6917292308178932,0.28505105586504803,0.5000716345129744,0.6871146925968424,0.4842482851641337,0.31936374028707826,0.1944948439389347,0.625532174677888,0.3807095268453766,0.22929372085360478,0.16246979723418764,0.6659764500072591,0.2844513952103186,0.07484097990268486,2026-08-20T17:12:11Z
822934,543807,George Springer,TOR,TB,0,4,confirmed,Ian Seymour,Tropicana Field,2026-08-20T17:10:00Z,3.927139968816174,3181,721,0.11774287268352328,0.5980269456452539,0.35294805002287616,0.583986465624399,0.6456998518525806,0.44215660334574514,0.2839366360578744,0.16812235391280497,0.5757511925637213,0.33568773093036597,0.19693918325238455,0.14041715941680594,0.578959583060227,0.20345550265620338,0.04301236154101443,2026-08-20T17:12:11Z
822934,656775,Cedric Mullins,TB,TOR,1,5,confirmed,Shane Bieber,Tropicana Field,2026-08-20T17:10:00Z,3.984754358624939,2743,2049,0.11607753353459836,0.5745201395097107,0.32216985152441635,0.609514372671162,0.6276261921149136,0.42136776915024543,0.26512579277081827,0.15336279800121247,0.5654428457472089,0.32425320014110776,0.18797783495951553,0.13427334217872258,0.557218767859711,0.18221816267979218,0.034802892852340145,2026-08-20T17:12:11Z
822934,672960,Kazuma Okamoto,TOR,TB,0,5,confirmed,Ian Seymour,Tropicana Field,2026-08-20T17:10:00Z,3.9271399688161743,525,721,0.13967679591482227,0.5752083736733706,0.3194976567035768,0.7795088865450005,0.651551453653697,0.4469488718594469,0.28731507112174137,0.17024359226378263,0.5813765040158045,0.33964393603483944,0.19936605426698056,0.14204013545861616,0.557760483077803,0.18427312224736628,0.03598521038325973,2026-08-20T17:12:11Z
822934,676356,Jonny DeLuca,TB,TOR,1,6,confirmed,Shane Bieber,Tropicana Field,2026-08-20T17:10:00Z,3.472460497983116,858,2049,0.07196044672504863,0.5774385592099502,0.18741594427126587,0.5379863991566574,0.5929171555956615,0.38584336057098134,0.23527144523906282,0.13125196852632168,0.5275351387545971,0.29020911360097956,0.16378301998423433,0.1179008455483912,0.5601304193955071,0.18140278451131547,0.03333258954143205,2026-08-20T17:12:11Z
822934,665926,Andrés Giménez,TOR,TB,0,6,confirmed,Ian Seymour,Tropicana Field,2026-08-20T17:10:00Z,3.9271399688161734,2933,721,0.07905013787218328,0.5944073178975015,0.23666512824215435,0.6325062691058158,0.6213367825802105,0.41560324586601255,0.26069266271153113,0.1503491830281718,0.5411912935632119,0.3037953505499434,0.17395080372298666,0.12484091581782793,0.5757632798931875,0.19798020199472183,0.040355073063755444,2026-08-20T17:12:11Z
822934,680700,Richie Palacios,TB,TOR,1,7,confirmed,Shane Bieber,Tropicana Field,2026-08-20T17:10:00Z,3.266098415507957,1069,2049,0.07159039913158384,0.5178341868475123,0.34485457771433403,0.46815643099404985,0.5635740166095323,0.3573215204519651,0.21221763291332527,0.11476872290677655,0.47906363387844925,0.2508297299713111,0.1373950604344844,0.10021114573505131,0.5043003514935939,0.13883620723831422,0.020561161112331954,2026-08-20T17:12:11Z
822934,676391,Ernie Clement,TOR,TB,0,7,confirmed,Ian Seymour,Tropicana Field,2026-08-20T17:10:00Z,3.782605278387906,2014,721,0.07447763779823077,0.638251676187173,0.2028838589447708,0.41887361248927396,0.6541283436383782,0.4481207390659153,0.2874732501834881,0.1698686996867048,0.5723300094061311,0.3301672468953512,0.19212739204215024,0.13710758125322592,0.6166182262341644,0.23304676052518553,0.052705387629363436,2026-08-20T17:12:11Z
822934,622761,Jorge Mateo,TB,TOR,1,8,confirmed,Shane Bieber,Tropicana Field,2026-08-20T17:10:00Z,3.2660984155079573,1506,2049,0.06719549345258749,0.532151634440118,0.1777551633118784,0.6405359017050624,0.5766483934660175,0.3689986001579433,0.2210454723886373,0.12069742894797311,0.5017841807964523,0.2680177989739942,0.14841614737224626,0.10757009245457913,0.5178020176292202,0.14766836265413905,0.02268749260063429,2026-08-20T17:12:11Z
822934,664702,Myles Straw,TOR,TB,0,8,confirmed,Ian Seymour,Tropicana Field,2026-08-20T17:10:00Z,3.3721483903157403,1891,721,0.05101867306112696,0.519858695692543,0.23901715106025845,0.47720848854951103,0.5446635377543265,0.34163037978914557,0.20103513416725968,0.10768208633715243,0.4597685863417026,0.23745377375590734,0.12924735004215188,0.09475921351880522,0.5061238927414722,0.14143068037838305,0.02178944140701908,2026-08-20T17:12:11Z
822934,663743,Nick Fortes,TB,TOR,1,9,confirmed,Shane Bieber,Tropicana Field,2026-08-20T17:10:00Z,3.100958040485796,1562,2049,0.05890948104455693,0.5159898630688475,0.18518038646207413,0.40569875932309324,0.5435203710329479,0.33796930919269386,0.19667275025348493,0.10372322704572817,0.46058555899306425,0.2357210313709026,0.12724790491157703,0.09341687051263389,0.5027457020213046,0.13496725649665944,0.01851795493733089,2026-08-20T17:12:11Z
822934,664770,Nathan Lukes,TOR,TB,0,9,confirmed,Ian Seymour,Tropicana Field,2026-08-20T17:10:00Z,3.2849912371176733,1179,721,0.0644326814599086,0.5461740012854929,0.2306171219464854,0.4889321928750527,0.5766949235144336,0.3691228099458717,0.22122195796764185,0.12089294870106733,0.4955134414766708,0.2632866339239266,0.14542136536769126,0.10559664836318602,0.5309921951169928,0.15691852608514562,0.025230851487956153,2026-08-20T17:12:11Z
823747,668930,Brice Turang,MIL,SEA,1,1,confirmed,George Kirby,American Family Field,2026-08-20T18:10:00Z,4.310435584247741,2497,3501,0.10390417264119906,0.6696149965476774,0.3522446144851554,0.6617552079876486,0.6997378786002352,0.5003968653981085,0.3355540203336935,0.20854373406110013,0.6168822598813465,0.3743348050765987,0.22575715723085532,0.16048507158531175,0.645500913385188,0.26613262841614466,0.0691584176961249,2026-08-20T17:12:11Z
823747,680977,Brendan Donovan,SEA,MIL,0,1,confirmed,Robert Gasser,American Family Field,2026-08-20T18:10:00Z,4.580601944514402,2416,616,0.0921652504511943,0.677474158590534,0.42058211410163754,0.565671528037184,0.7018204323169887,0.5038645635832439,0.33959463039358573,0.21245016941133493,0.6112023366680676,0.36992276871955626,0.22305353150616541,0.1588134359869894,0.652717736105045,0.2756028445388619,0.07472673533942041,2026-08-20T17:12:11Z
823747,694192,Jackson Chourio,MIL,SEA,1,2,confirmed,George Kirby,American Family Field,2026-08-20T18:10:00Z,4.30510416506434,1808,3501,0.11695403023599063,0.7026912826085006,0.22707421620995105,0.6880337936805726,0.7365324801484464,0.5429476075472592,0.3748187265199477,0.2401256225539298,0.6592427439500363,0.41664167779844774,0.25798895421609963,0.18281328826147966,0.6760444099035283,0.2981132874708184,0.08328768388224964,2026-08-20T17:12:11Z
823747,668227,Randy Arozarena,SEA,MIL,0,2,confirmed,Robert Gasser,American Family Field,2026-08-20T18:10:00Z,4.568264948733077,3444,616,0.16167186249081353,0.7002695658899237,0.4406157818320386,0.649809369797389,0.7444052074529033,0.553847629890527,0.38644732377356167,0.25077796809423064,0.684113009436334,0.4450486841228893,0.2818042731962676,0.2001303981548117,0.6737825077776808,0.2977150567350881,0.08472797606041754,2026-08-20T17:12:11Z
823747,641343,Jake Bauers,MIL,SEA,1,3,confirmed,George Kirby,American Family Field,2026-08-20T18:10:00Z,3.871105700867835,1507,3501,0.15570534348527573,0.6277097759532159,0.41068800243434145,0.6767954337671557,0.700735347583123,0.49953770856747426,0.3333447490434376,0.20575802098724802,0.6337716440444123,0.38906671187159403,0.23590342480253618,0.16721259951968176,0.6067904254606022,0.2252820788478553,0.05065439934501504,2026-08-20T17:12:11Z
823747,686527,Dominic Canzone,SEA,MIL,0,3,confirmed,Robert Gasser,American Family Field,2026-08-20T18:10:00Z,4.167819335461741,1226,616,0.14326578144529958,0.623749029072451,0.3125379592727005,0.6623992804646661,0.6915666825556775,0.4912645979267174,0.3274660325068257,0.20233878738744845,0.622246899475209,0.3797689701503859,0.23009309072281547,0.16362850082006763,0.6029870138065966,0.22498660763115413,0.052383854088841365,2026-08-20T17:12:11Z
823747,596142,Gary Sánchez,MIL,SEA,1,4,confirmed,George Kirby,American Family Field,2026-08-20T18:10:00Z,3.8711057008678353,1515,3501,0.12236820472050658,0.5807806257346767,0.3362676756662922,0.6568005864695096,0.638460219341115,0.43239958081559915,0.2744478784967517,0.16034119060861954,0.5744685925629754,0.3324379705141966,0.19390095198717977,0.13833723519250452,0.5630686717459011,0.18712621752532407,0.03662359773200963,2026-08-20T17:12:11Z
823747,677594,Julio Rodríguez,SEA,MIL,0,4,confirmed,Robert Gasser,American Family Field,2026-08-20T18:10:00Z,4.16781933546174,3384,616,0.17049071511501399,0.6969606535757493,0.30603408293048734,0.61228023654568,0.7321670861285146,0.5376703756841495,0.369546574052976,0.23545279876720535,0.6828591250947235,0.44214733363652536,0.27816148122205875,0.19684101888621125,0.6707274620420934,0.29190168084323787,0.07961540852300701,2026-08-20T17:12:11Z
823747,592885,Christian Yelich,MIL,SEA,1,5,confirmed,George Kirby,American Family Field,2026-08-20T18:10:00Z,3.8711057008678353,2886,3501,0.11108974312714189,0.6183973739344203,0.31959151712270334,0.6559441020676277,0.6626793050847904,0.45769047424439224,0.2958150269665279,0.17611000157725595,0.5873695613583021,0.3441518518354456,0.20207263560949645,0.14371391247947382,0.598099908649352,0.21677991496092883,0.046344164981709596,2026-08-20T17:12:11Z
823747,647304,Josh Naylor,SEA,MIL,0,5,confirmed,Robert Gasser,American Family Field,2026-08-20T18:10:00Z,4.16781933546174,3085,616,0.10774160939520439,0.649648298752855,0.30315220853942526,0.5198344356805454,0.6790328479769755,0.4760562624743891,0.31265738566977114,0.18972881771986677,0.6037458579106633,0.36036502426823,0.2145815820781665,0.15253837122280195,0.6270858167132136,0.24536525782729143,0.058792251594218956,2026-08-20T17:12:11Z
823747,687401,Joey Ortiz,MIL,SEA,1,6,confirmed,George Kirby,American Family Field,2026-08-20T18:10:00Z,3.5907246135048,1564,3501,0.0727671777111503,0.5914694700988896,0.2172990658071517,0.5303605627279026,0.6067641209802813,0.3996333513590269,0.24661331967051817,0.13948390613140155,0.5420621631073324,0.30286075431341686,0.17259355163684634,0.12382651813834292,0.5731761101397022,0.19293599894104632,0.03739417487944718,2026-08-20T17:12:11Z
823747,621493,Taylor Ward,SEA,MIL,0,6,confirmed,Robert Gasser,American Family Field,2026-08-20T18:10:00Z,4.167819335461741,3097,616,0.1351744679309168,0.6508972458066035,0.4578965015607405,0.5802137790789956,0.6970369519520199,0.495706850084009,0.33000748579582745,0.2031525553948485,0.6302396111054055,0.3858163208464599,0.23347156139906344,0.16549013423575368,0.6282644521415218,0.24601408322691123,0.058807685222620726,2026-08-20T17:12:11Z
823747,669003,Garrett Mitchell,MIL,SEA,1,7,confirmed,George Kirby,American Family Field,2026-08-20T18:10:00Z,3.5318151253281966,1062,3501,0.08668317454716613,0.581149815493607,0.31378326732611483,0.7476746144444238,0.6302247198453431,0.42205705538800486,0.26447999811122835,0.1520796557802799,0.5517611014222643,0.31059733445512944,0.17768309636023197,0.12720952792082937,0.5635776997788852,0.18442292963300028,0.03432064595853546,2026-08-20T17:12:11Z
823747,702284,Cole Young,SEA,MIL,0,7,confirmed,Robert Gasser,American Family Field,2026-08-20T18:10:00Z,3.7838844947166934,882,616,0.10264044320687749,0.5778033006680193,0.288477171617761,0.5405881670489555,0.6281868349491815,0.4217087628859317,0.26532911705147866,0.1534900842823908,0.5493603881944839,0.3101353793944684,0.1781070385269495,0.12763537043007087,0.5603145298868693,0.1844010439942896,0.03552321792288787,2026-08-20T17:12:11Z
823747,666152,David Hamilton,MIL,SEA,1,8,confirmed,George Kirby,American Family Field,2026-08-20T18:10:00Z,3.1722059350476406,1058,3501,0.07071875628078478,0.5314327401120779,0.2413240555179709,0.5654027009760587,0.5766202833036689,0.3679909814509846,0.2196632095297584,0.11936323835547351,0.49203875509433614,0.25967975990409037,0.14268597038599382,0.10373395309946261,0.5172198028460961,0.1458048233582423,0.021653110642999865,2026-08-20T17:12:11Z
823747,640902,Jhonny Pereda,SEA,MIL,0,8,confirmed,Robert Gasser,American Family Field,2026-08-20T18:10:00Z,2.955369327706004,292,616,0.06735787885226571,0.5358078613515205,0.22941505576171042,0.4714419316681416,0.5475457087106915,0.33966828247253245,0.1968126239459307,0.1030940331063656,0.4854912167013998,0.2522413723258648,0.13690753775717973,0.09984510530073519,0.5216164119112203,0.14431864726588847,0.019378643987929624,2026-08-20T17:12:11Z
823747,800325,Luis Lara,MIL,SEA,1,9,confirmed,George Kirby,American Family Field,2026-08-20T18:10:00Z,2.9279949029906795,209,3501,0.06349386213031519,0.5245064271305317,0.24314981419939205,0.4892518224929329,0.554186364863751,0.3449896185467155,0.2004346419811124,0.10525609755278871,0.4796152259670727,0.24755253723199874,0.13381140185376994,0.09777530205157409,0.511002938836378,0.13677608173968842,0.017428477457139848,2026-08-20T17:12:11Z
823747,801126,Brock Rodden,SEA,MIL,0,9,confirmed,Robert Gasser,American Family Field,2026-08-20T18:10:00Z,2.841960717231986,96,616,0.0788233706869225,0.48802186701179356,0.2900193256937321,0.5829363700832361,0.5619609331324749,0.3503257933444869,0.20338743852239344,0.10651262895960696,0.4710126122985037,0.2400586841191259,0.1286238824846236,0.09430932175386991,0.4766268841991456,0.11405110877591247,0.012099866868077005,2026-08-20T17:12:11Z
824074,679845,Nick Loftin,KC,ATH,1,1,confirmed,Gage Jump,Kauffman Stadium,2026-08-20T18:10:00Z,4.076885478965544,926,392,0.07714095195654372,0.6146642173614865,0.4247963261977004,0.5229905822995901,0.6282142195619341,0.4242288759674551,0.2692490432962171,0.15771466075154444,0.5674881879549125,0.32845479986142545,0.192307944448353,0.1376139464284327,0.5945433542092109,0.21729127892362152,0.04946121810688961,2026-08-20T17:12:11Z
824074,703607,Henry Bolte,ATH,KC,0,1,confirmed,Randy Dobnak,Kauffman Stadium,2026-08-20T18:10:00Z,4.280556950302123,395,364,0.07676234001761197,0.665545832846019,0.3450812100156723,0.6744589127197186,0.6779552390893498,0.4775235105149765,0.31604887771019413,0.19397740943893563,0.588288644162736,0.34855615410951474,0.20739957670587045,0.14807185741259477,0.6416837046992898,0.2646219117478373,0.0702169026326729,2026-08-20T17:12:11Z
824074,677951,Bobby Witt Jr.,KC,ATH,1,2,confirmed,Gage Jump,Kauffman Stadium,2026-08-20T18:10:00Z,4.076885478965544,3435,392,0.12059245293961281,0.6901670775851226,0.3281512112367705,0.5448934748816673,0.7267100135678664,0.5312976988381045,0.36357828672501813,0.23055755351094875,0.6598095038941347,0.41726015356376994,0.2582131687930207,0.1827354325286662,0.6644480602690251,0.28518547205921024,0.07644490869017678,2026-08-20T17:12:11Z
824074,643446,Jeff McNeil,ATH,KC,0,2,confirmed,Randy Dobnak,Kauffman Stadium,2026-08-20T18:10:00Z,4.280556950302123,2737,364,0.08118340285620414,0.6706888597401104,0.30949678758150384,0.3755847653362312,0.6731587644814009,0.47140172121203383,0.30982250778556314,0.18847022003250444,0.6037033562944278,0.362073299511593,0.2167792729767154,0.15432441227235585,0.6464612954346497,0.26791482522938775,0.07032985909808837,2026-08-20T17:12:11Z
824074,672580,Maikel Garcia,KC,ATH,1,3,confirmed,Gage Jump,Kauffman Stadium,2026-08-20T18:10:00Z,4.076885478965545,2327,392,0.06858790733084716,0.6618448738105079,0.33222391753012986,0.49447146604276926,0.6658184665577247,0.4616183955945548,0.2998320489235888,0.17971313665016517,0.590456222933753,0.3477071111585961,0.20517501322084902,0.14605013394696006,0.63837600629784,0.2562469852043342,0.06300634392516798,2026-08-20T17:12:11Z
824074,680869,Zack Gelof,ATH,KC,0,3,confirmed,Randy Dobnak,Kauffman Stadium,2026-08-20T18:10:00Z,4.280556950302124,1391,364,0.10327982166829354,0.6447570062043856,0.33076931364616025,0.7247832854958942,0.6878058710497136,0.48682563691782604,0.32311843842850374,0.1985634080458892,0.6037117697454235,0.3614636254354656,0.21602652697611158,0.15373079626111794,0.6224934248993192,0.2427566979343933,0.05889848497240518,2026-08-20T17:12:11Z
824074,521692,Salvador Perez,KC,ATH,1,4,confirmed,Gage Jump,Kauffman Stadium,2026-08-20T18:10:00Z,4.076885478965544,3040,392,0.13331414876985,0.6344565675508516,0.27452447255592893,0.5951544208587971,0.6678350820021843,0.4632905953796121,0.3009487304238101,0.18032579467916235,0.6148411444694798,0.3702850992793593,0.2215204690787814,0.1571528108437633,0.6130373353118567,0.23080571675926978,0.05227247358639541,2026-08-20T17:12:11Z
824074,671732,Lawrence Butler,ATH,KC,0,4,confirmed,Randy Dobnak,Kauffman Stadium,2026-08-20T18:10:00Z,4.139745276809189,1757,364,0.1132971323220564,0.6204128848732537,0.3509186219058553,0.6060681345128569,0.6636468296784861,0.4599881808570708,0.29898849899788904,0.17952509459931612,0.5979993729243995,0.35547284649374955,0.2112991158906622,0.1503972739955958,0.5999237810752571,0.22070810179145836,0.04964114802801647,2026-08-20T17:12:11Z
824074,686469,Vinnie Pasquantino,KC,ATH,1,5,confirmed,Gage Jump,Kauffman Stadium,2026-08-20T18:10:00Z,4.073983733199528,2355,392,0.09071965004594235,0.6182674995091557,0.3570802057305747,0.5212519061786818,0.6499154366605674,0.4440999667355272,0.28423163813865837,0.1675353182904358,0.5739949140918943,0.33194638874339233,0.19347625735007906,0.13801266632524997,0.5980224028743076,0.21655376443157145,0.04663989950181666,2026-08-20T17:12:11Z
824074,691777,Max Muncy,ATH,KC,0,5,confirmed,Randy Dobnak,Kauffman Stadium,2026-08-20T18:10:00Z,3.6090755933554157,592,364,0.07920502080416067,0.5577175589067725,0.30508263789781226,0.6905483057924242,0.6021426325685696,0.39601136949322857,0.24433474604638036,0.1383422503145208,0.5208536219510772,0.28617471328330935,0.16174051356442606,0.11664778175289234,0.5415361878651268,0.16957706114839657,0.030944672385108056,2026-08-20T17:12:11Z
824074,686555,Isaac Collins,KC,ATH,1,6,confirmed,Gage Jump,Kauffman Stadium,2026-08-20T18:10:00Z,3.5121570053661033,984,392,0.06709316084466657,0.5452768332732411,0.41954415182959637,0.5675302820346173,0.5735769988579255,0.36824514146219633,0.22171132474656297,0.12195352821598736,0.5030116040843297,0.27082531693281003,0.1509918036317181,0.10933023850106188,0.529951980591843,0.15922706463712877,0.026958229519627116,2026-08-20T17:12:11Z
824074,666126,Carlos Cortes,ATH,KC,0,6,confirmed,Randy Dobnak,Kauffman Stadium,2026-08-20T18:10:00Z,3.2299388535138247,451,364,0.07166871409988158,0.5516330964745746,0.2585231530767789,0.3941653213843095,0.5642383895897817,0.3577684757094854,0.21252503604565956,0.11499319177755597,0.512567821212928,0.27639031911874207,0.15393190550378058,0.1113075732113525,0.5361457885971836,0.1603163923936308,0.026145485120190253,2026-08-20T17:12:11Z
824074,686475,Tyler Tolbert,KC,ATH,1,7,confirmed,Gage Jump,Kauffman Stadium,2026-08-20T18:10:00Z,3.1268040704552806,312,392,0.07289897054614672,0.5568194482687643,0.2550288933612969,0.5255414504774009,0.6027298450354959,0.3903555782239718,0.2357342465853584,0.12953400380657262,0.510776297293851,0.2725643228813137,0.1503190990999817,0.10876701133264582,0.5412450767383765,0.1598334774038026,0.023943039378907592,2026-08-20T17:12:11Z
824074,661531,Brian Serven,ATH,KC,0,7,confirmed,Randy Dobnak,Kauffman Stadium,2026-08-20T18:10:00Z,3.2299388535138243,478,364,0.06293971617028328,0.4872146181197845,0.2685495404818909,0.5523364859349069,0.5304266543383807,0.3284625079239402,0.19076778023168672,0.10056850460879183,0.45322826787312953,0.23191659557191127,0.12547336398165782,0.09223764668748752,0.4753591944402318,0.12078785059088454,0.016408998179728684,2026-08-20T17:12:11Z
824074,686681,Michael Massey,KC,ATH,1,8,confirmed,Gage Jump,Kauffman Stadium,2026-08-20T18:10:00Z,3.126804070455281,1839,392,0.06684128911850139,0.5406246780807228,0.21199609616315637,0.48681348861087537,0.5739611752691001,0.36619796309839786,0.21870534758548937,0.11898637701854263,0.49483251761981745,0.2623566360200118,0.14464307698619153,0.10505137807366653,0.5258143091909684,0.15259301549634827,0.02378259831789559,2026-08-20T17:12:11Z
824074,622268,Donovan Walton,ATH,KC,0,8,confirmed,Randy Dobnak,Kauffman Stadium,2026-08-20T18:10:00Z,3.1122644516711806,405,364,0.06025547835673839,0.5121096471108949,0.30856226467362596,0.38524274446000484,0.5394292109225212,0.33442700605808295,0.19407564353219992,0.10204321665096854,0.4723262044959734,0.2441698423368129,0.13252792710463382,0.09696363520980128,0.499090327569065,0.13260240517861244,0.01802399213863757,2026-08-20T17:12:11Z
824074,571912,Luke Maile,KC,ATH,1,9,confirmed,Gage Jump,Kauffman Stadium,2026-08-20T18:10:00Z,2.975756410636248,741,392,0.06835537674293227,0.5029669831492257,0.2993316579973518,0.6214979349318008,0.5439842608707738,0.3368758635175377,0.19493668276878107,0.10197918983802809,0.46838189241434525,0.2399906231873408,0.12936237634627784,0.09482659923078318,0.49058894690301086,0.12514302615072606,0.015467070864362964,2026-08-20T17:12:11Z
824074,687231,Darell Hernaiz,ATH,KC,0,9,confirmed,Randy Dobnak,Kauffman Stadium,2026-08-20T18:10:00Z,3.11226445167118,601,364,0.040409810126295846,0.5157103468433585,0.27154511673150533,0.3922087498096119,0.522641292622954,0.32069852852563285,0.18438761332024958,0.09594409725935335,0.4420921701853533,0.22299329441976748,0.11952968213281939,0.08824798257342893,0.502448052479276,0.13535972977677546,0.01889182489455496,2026-08-20T17:12:11Z
824153,514888,Jose Altuve,HOU,LAA,1,1,projected,Grayson Rodriguez,Daikin Park,2026-08-21T00:10:00Z,4.4446746525505105,3077,1509,0.13213223957287817,0.6904534638793793,0.33546515785759756,0.6342084004080664,0.7203607699426521,0.5242849131135877,0.35771856761814186,0.22651471060667258,0.6509059839716809,0.40867914705946246,0.2522167690747566,0.17895960731334573,0.6647462883186727,0.2867582592560729,0.07876376026917188,2026-08-20T17:12:11Z
824153,687263,Zach Neto,LAA,HOU,0,1,projected,Peter Lambert,Daikin Park,2026-08-21T00:10:00Z,4.588750906179952,2179,1312,0.13879666233560353,0.6678069825369505,0.34920476221700014,0.7956094517099519,0.7026599167195315,0.504814698108103,0.3404638405287222,0.21314791801584593,0.6539976932910324,0.41308485378544857,0.2563881203044405,0.18216526474345013,0.6437799877114128,0.26619512973632725,0.0703952594402711,2026-08-20T17:12:11Z
824153,665161,Jeremy Peña,HOU,LAA,1,2,projected,Grayson Rodriguez,Daikin Park,2026-08-21T00:10:00Z,4.312471931770253,2989,1509,0.1234019469740442,0.7034806749233642,0.28816681431639246,0.6730052946621898,0.7149756161789949,0.5172422118724109,0.3505367163480684,0.22018947101995814,0.6556942327068142,0.4129057285456646,0.255047820107925,0.18075090303461136,0.6767713451392372,0.29895115311250425,0.08370927880786386,2026-08-20T17:12:11Z
824153,545361,Mike Trout,LAA,HOU,0,2,projected,Peter Lambert,Daikin Park,2026-08-21T00:10:00Z,4.543792862828073,2237,1312,0.19604976268482163,0.6633307428758858,0.47552460100318816,0.7708949897981633,0.7211501313753318,0.5257031975372515,0.3594574990321775,0.22826370202588256,0.6819684834725913,0.44265203382260565,0.2798242754866712,0.19870134017117683,0.6396699295962858,0.2609866439137321,0.06749212452985293,2026-08-20T17:12:11Z
824153,670623,Isaac Paredes,HOU,LAA,1,3,projected,Grayson Rodriguez,Daikin Park,2026-08-21T00:10:00Z,4.171626278694009,2716,1509,0.1326631501829416,0.6307535988377004,0.4485071162008458,0.5400123284440324,0.6666459055461197,0.46263575189289596,0.30087757661937253,0.1806612093245821,0.6126277235589127,0.3688223710052942,0.22085074626105952,0.1568487267809364,0.6095677451652952,0.2286297355858876,0.05214630868306967,2026-08-20T17:12:11Z
824153,694384,Nolan Schanuel,LAA,HOU,0,3,projected,Peter Lambert,Daikin Park,2026-08-21T00:10:00Z,4.423461220800886,1916,1312,0.09291552053043009,0.6561699127551306,0.513706308503177,0.47789783086589466,0.6662118287589798,0.4634057760126505,0.30248654588428764,0.18260105531912724,0.5910823284793311,0.34971468611054507,0.2074675851937025,0.14788867008979778,0.6330695255388484,0.25336336560086203,0.06357177259555337,2026-08-20T17:12:11Z
824153,670541,Yordan Alvarez,HOU,LAA,1,4,projected,Grayson Rodriguez,Daikin Park,2026-08-21T00:10:00Z,4.17162627869401,2699,1509,0.23149000484143956,0.687920085008718,0.47442468710145197,0.5566632152422338,0.7545095762653542,0.5640298816271944,0.39419014322349943,0.2554527161277479,0.7198675268950196,0.48359314842898227,0.31203116088091404,0.22089165426658047,0.6624760690658021,0.2808785065998823,0.07355016138821317,2026-08-20T17:12:11Z
824153,518595,Travis d'Arnaud,LAA,HOU,0,4,projected,Peter Lambert,Daikin Park,2026-08-21T00:10:00Z,4.062795356973703,1507,1312,0.12394626820006537,0.6143848744067398,0.2823006105407768,0.749940694227183,0.6583947493666152,0.4543391121619847,0.29403904782571233,0.17571080183832175,0.600024573645705,0.35728582551355736,0.2125893364735363,0.1512719514228175,0.594321928170033,0.21555409876282966,0.047638840026060156,2026-08-20T17:12:11Z
824153,572233,Christian Walker,HOU,LAA,1,5,projected,Grayson Rodriguez,Daikin Park,2026-08-21T00:10:00Z,4.077665589321716,3282,1509,0.1517644805152321,0.6258082185456735,0.35183650542944256,0.7140997835139917,0.6880388935564428,0.4849206736186901,0.3197318020962757,0.19462430002639064,0.6309096793653052,0.38569418622090623,0.2328893868475918,0.16490004796964525,0.6050314870638948,0.22287204753344117,0.04897620851553865,2026-08-20T17:12:11Z
824153,666139,Josh Lowe,LAA,HOU,0,5,projected,Peter Lambert,Daikin Park,2026-08-21T00:10:00Z,4.0438140152539415,1943,1312,0.11741172951066027,0.6038150969178936,0.32324719847096844,0.7145235743182315,0.6532467301246337,0.4484810532627733,0.28866208854842706,0.17138495780425775,0.5889770460510225,0.34650030299061696,0.20444284282471828,0.14561953344834658,0.5845074416225255,0.20624391959653898,0.043822251303040405,2026-08-20T17:12:11Z
824153,662139,Daulton Varsho,HOU,LAA,1,6,projected,Grayson Rodriguez,Daikin Park,2026-08-21T00:10:00Z,3.8760654935870478,2715,1509,0.1329248733850038,0.5981012445403503,0.33497729164054424,0.5858468882239112,0.6575377286646353,0.4514870017311155,0.29011334815123513,0.17163313074119646,0.6045824970392982,0.35951538322632715,0.21304205820527503,0.15119407921988165,0.5792783034378436,0.19945893588403443,0.04011325405039496,2026-08-20T17:12:11Z
824153,624428,Adam Frazier,LAA,HOU,0,6,projected,Peter Lambert,Daikin Park,2026-08-21T00:10:00Z,3.744861420827971,2167,1312,0.07141355303178079,0.5816502617031871,0.3563301744011093,0.5265774985163064,0.5975096703203642,0.3919542875523065,0.24127213021981134,0.13626448117778506,0.5278842663058012,0.29220803239363596,0.16590210773579747,0.1194406797589098,0.5639143894765348,0.18738272169499764,0.036651733006847,2026-08-20T17:12:11Z
824153,673237,Yainer Diaz,HOU,LAA,1,7,projected,Grayson Rodriguez,Daikin Park,2026-08-21T00:10:00Z,3.7592853010809226,2009,1509,0.11346767627172363,0.6443508236331909,0.19982451510869692,0.5333804518154309,0.665626652278353,0.45951246463792833,0.2966509606850216,0.1763075980113055,0.605996981135025,0.36033477132754166,0.2133752131739098,0.1513460993485636,0.6223009509148817,0.23718961543103903,0.05335917495962669,2026-08-20T17:12:11Z
824153,687093,Vaughn Grissom,LAA,HOU,0,7,projected,Peter Lambert,Daikin Park,2026-08-21T00:10:00Z,3.7448614208279705,798,1312,0.07822835747095597,0.6100990712045805,0.25761601606242973,0.5790898716152135,0.6128648262972607,0.4065436029531627,0.25285047194478166,0.1443963710656452,0.5510119543795464,0.31145076276869466,0.17896129904786875,0.12819466009489625,0.5904599678971859,0.20924500622791717,0.0437931808127393,2026-08-20T17:12:11Z
824153,543877,Christian Vázquez,HOU,LAA,1,8,projected,Grayson Rodriguez,Daikin Park,2026-08-21T00:10:00Z,3.392012328844101,1714,1509,0.07058904311187464,0.5456762652819205,0.22620021825375164,0.5405706161717744,0.5627300792245372,0.3574711337607637,0.21285577426900254,0.11552296338670759,0.4923435226146996,0.26163685837327894,0.14462221688472301,0.10504171769697779,0.5304273048087577,0.15792666032679387,0.025943254434073644,2026-08-20T17:12:11Z
824153,642350,Jose Siri,LAA,HOU,0,8,projected,Peter Lambert,Daikin Park,2026-08-21T00:10:00Z,3.428248242555413,1524,1312,0.1271337939085092,0.5343787887169766,0.2320132684589528,0.7750950594149804,0.6101801047854282,0.40182067218130474,0.24774282799029235,0.13991925109190892,0.5502682620790587,0.308771871050177,0.17626483628674858,0.12628795499764486,0.5197643242694422,0.15124387888323007,0.024571383538673098,2026-08-20T17:12:11Z
824153,669397,Nick Allen,HOU,LAA,1,9,projected,Grayson Rodriguez,Daikin Park,2026-08-21T00:10:00Z,3.068660709053063,1471,1509,0.051188880686846384,0.5153736702592777,0.21645087670133556,0.5442822123396269,0.526213288764301,0.32299620036147775,0.18560735642610168,0.09643783783573986,0.45120948623791374,0.22876362973449077,0.12282778150186731,0.09046009161737677,0.5022013414228241,0.1340479748280742,0.018079657559208935,2026-08-20T17:12:11Z
824153,672724,Oswald Peraza,LAA,HOU,0,9,projected,Peter Lambert,Daikin Park,2026-08-21T00:10:00Z,3.2306943444449443,1029,1312,0.0685010652495884,0.517133390396352,0.21071499580606298,0.6819168462757502,0.5378516844932067,0.33444158806883006,0.19492137896170741,0.10313345704341058,0.4760278589044324,0.24815317485786512,0.13554459812510997,0.09898521025041594,0.5036913447148575,0.13770567412450688,0.020057326730178324,2026-08-20T17:12:11Z
824395,680757,Steven Kwan,CLE,SF,1,1,confirmed,Landen Roupp,Progressive Field,2026-08-20T17:10:00Z,4.447181771787662,3436,1375,0.07135879902148898,0.6715171990654477,0.522347020027285,0.4065230853237863,0.714786214875368,0.5177405200182608,0.3515944743539102,0.2215182467174629,0.5904022222299335,0.3491702639685345,0.20711047628219756,0.1476520802009438,0.6472625511076815,0.2680199752335457,0.07009508803536114,2026-08-20T17:12:11Z
824395,687551,Drew Gilbert,SF,CLE,0,1,confirmed,Gavin Williams,Progressive Field,2026-08-20T17:10:00Z,4.323438855087132,464,2175,0.0978245492762329,0.5912320279032915,0.40248877494655844,0.5901889580625299,0.6476351201661076,0.44547898719473,0.2882143136504219,0.17262571707512428,0.560479152629887,0.323635835444401,0.18950785106070264,0.13582278647106907,0.5725770606993467,0.20060427585869836,0.04427867163025982,2026-08-20T17:12:11Z
824395,683953,Travis Bazzana,CLE,SF,1,2,confirmed,Landen Roupp,Progressive Field,2026-08-20T17:10:00Z,4.262712072437623,439,1375,0.09971940939691656,0.6160932858448117,0.5160785211074586,0.6201385575747783,0.66430321436791,0.46075612620619655,0.2997039123517395,0.18010632703454157,0.5795754251196601,0.3385226789136323,0.199000152425076,0.14199177963256696,0.5958998571218912,0.21720743890255245,0.048371842554480585,2026-08-20T17:12:11Z
824395,646240,Rafael Devers,SF,CLE,0,2,confirmed,Gavin Williams,Progressive Field,2026-08-20T17:10:00Z,4.323438855087131,3306,2175,0.18068957828051227,0.619076820768656,0.39540552776968557,0.7395652548408123,0.699351495556878,0.5004438707887544,0.3358029733129349,0.20882327613066023,0.6484791378935595,0.40656389170189733,0.25061561504098145,0.1777761929964379,0.5985901685543262,0.221216555637422,0.05050101354488252,2026-08-20T17:12:11Z
824395,608070,José Ramírez,CLE,SF,1,3,confirmed,Landen Roupp,Progressive Field,2026-08-20T17:10:00Z,4.2627120724376235,3471,1375,0.10808123528104975,0.6494308084347369,0.3290918072474784,0.48626739078490744,0.6998001604679456,0.4991719813516122,0.33343353104140955,0.20609116215187878,0.6181035026483744,0.37421679064935764,0.2249428385488377,0.15968980424153761,0.6268893769249925,0.24524413731751213,0.05888113044716449,2026-08-20T17:12:11Z
824395,642715,Willy Adames,SF,CLE,0,3,confirmed,Gavin Williams,Progressive Field,2026-08-20T17:10:00Z,4.323438855087131,3380,2175,0.13089358201639656,0.6056481307556664,0.34478628361651664,0.8005000127417903,0.6693689865574542,0.46658740127550385,0.30505304556615315,0.18438718258827605,0.5988371711015434,0.35672530676966124,0.21242840536865282,0.15121550810438808,0.5861406995468887,0.20921844135599618,0.04564397643394219,2026-08-20T17:12:11Z
824395,663993,Nathaniel Lowe,CLE,SF,1,4,confirmed,Landen Roupp,Progressive Field,2026-08-20T17:10:00Z,4.087807964426546,3161,1375,0.10553348814915064,0.6219414058703827,0.431814425739643,0.6335074890624319,0.660448988995331,0.4554938288225503,0.2942595574278783,0.17529278849152397,0.5845680120596848,0.34189246160757475,0.2007940164987847,0.1430344432747896,0.6014134031134164,0.22023201032442774,0.04837100890118523,2026-08-20T17:12:11Z
824395,805811,Bryce Eldridge,SF,CLE,0,4,confirmed,Gavin Williams,Progressive Field,2026-08-20T17:10:00Z,4.1809413060314515,438,2175,0.13416012126023566,0.5808416508212231,0.4684459156316235,0.8116750209901046,0.6471675658870586,0.4428185585921843,0.28431235816012984,0.1684686125632891,0.5847264614199056,0.3432607725004788,0.20246134208111016,0.1443753143654953,0.5630153926017463,0.18935293248494237,0.03849800188247385,2026-08-20T17:12:11Z
824395,694197,Angel Genao,CLE,SF,1,5,confirmed,Landen Roupp,Progressive Field,2026-08-20T17:10:00Z,3.501340688982241,75,1375,0.07861631239411594,0.5697350748859541,0.38004414555369653,0.44010888348037797,0.6148087420540294,0.40679880957078984,0.25207255362655545,0.14321640012506665,0.5269168852463597,0.28983663439835317,0.16363292499256407,0.11783998140296564,0.5529178476750112,0.17603656091034645,0.031915622521473966,2026-08-20T17:12:11Z
824395,808982,Jung Hoo Lee,SF,CLE,0,5,confirmed,Gavin Williams,Progressive Field,2026-08-20T17:10:00Z,4.180941306031451,1350,2175,0.08820829622175425,0.6518617208294022,0.29953251438746775,0.4742165999790753,0.6724784731268637,0.46897583785661523,0.3064621448101164,0.18497762182506186,0.6027723348979447,0.3594833394614348,0.2139658355223014,0.15213242040928168,0.6291363915424257,0.24744080120854697,0.059719233458180344,2026-08-20T17:12:11Z
824395,682657,Angel Martínez,CLE,SF,1,6,confirmed,Landen Roupp,Progressive Field,2026-08-20T17:10:00Z,3.501340688982242,1121,1375,0.08563720154403813,0.5539622458020611,0.26409518685779965,0.5547280778903458,0.6032108241617498,0.3960315961994628,0.24359928944498643,0.1372528993814423,0.528649024181305,0.2915371446504955,0.1648216980124881,0.11859263593482794,0.5380857512348391,0.1654132746027346,0.02877994582659998,2026-08-20T17:12:11Z
824395,678545,Osleivis Basabe,SF,CLE,0,6,confirmed,Gavin Williams,Progressive Field,2026-08-20T17:10:00Z,3.187299391386617,253,2175,0.06432102394562832,0.543218787659738,0.20370465123913784,0.5543176221428945,0.5726701416000367,0.36490980585225863,0.21768344093108574,0.11830376394158887,0.49573537001686707,0.262961832544413,0.1450438393020765,0.10535852701388639,0.5282759802728376,0.1541320479668798,0.02423331646006649,2026-08-20T17:12:11Z
824395,672275,Patrick Bailey,CLE,SF,1,7,confirmed,Landen Roupp,Progressive Field,2026-08-20T17:10:00Z,3.501340688982241,1654,1375,0.069092873710533,0.5304164269809813,0.3075697131703543,0.6062690860027274,0.5695371133531114,0.36441515502236926,0.21864745437592664,0.11977001664763769,0.4872694134738603,0.2585079048990528,0.14288044890817445,0.10387828295252961,0.515986962625895,0.149203640384363,0.02407555623798314,2026-08-20T17:12:11Z
824395,806367,Turner Hill,SF,CLE,0,7,confirmed,Gavin Williams,Progressive Field,2026-08-20T17:10:00Z,2.9913823459631543,15,2175,0.0848013269069296,0.4882281187740027,0.2753997178829811,0.5618142451346831,0.5448505226360514,0.3367105193684235,0.19419514354624665,0.1010770139820257,0.477410078665687,0.24566480300339813,0.13249240981813512,0.0968875990935741,0.47671648265720773,0.11565454375312491,0.013002424696906989,2026-08-20T17:12:11Z
824395,690984,Petey Halpin,CLE,SF,1,8,confirmed,Landen Roupp,Progressive Field,2026-08-20T17:10:00Z,3.0551444557992347,232,1375,0.06478154665275289,0.4982555620054306,0.2947011984148248,0.5200989846235772,0.5585127117011025,0.3496122530618429,0.20436484485894174,0.10816642543686071,0.462858704379045,0.23620302607649,0.1270738600970862,0.09329639535190273,0.4861076376183524,0.12276117287115514,0.01505864449621756,2026-08-20T17:12:11Z
824395,701852,Drew Cavanaugh,SF,CLE,0,8,confirmed,Gavin Williams,Progressive Field,2026-08-20T17:10:00Z,2.9913823459631543,94,2175,0.06451795064980889,0.4782226575143312,0.32590465092082016,0.5521313117750376,0.5100547336463245,0.30973824076122747,0.17623751892752335,0.09054169391711693,0.4421363783164329,0.22250190423688537,0.11904194474929454,0.08793438536441425,0.46702076073255366,0.11321484799486516,0.013839404526697187,2026-08-20T17:12:11Z
824395,677587,Brayan Rocchio,CLE,SF,1,9,confirmed,Landen Roupp,Progressive Field,2026-08-20T17:10:00Z,3.0551444557992355,1633,1375,0.060337463694322975,0.5025234108480584,0.2944563561623465,0.4087652206247517,0.5598795876731252,0.35239492855679444,0.20750168713284903,0.11096065506991235,0.4595184691861955,0.23517624321010142,0.12700897203578249,0.0932613061901737,0.489995236395046,0.12743301159235512,0.017044963572977887,2026-08-20T17:12:11Z
824395,683766,Christian Koss,SF,CLE,0,9,confirmed,Gavin Williams,Progressive Field,2026-08-20T17:10:00Z,2.9189620439725465,422,2175,0.05225263988143473,0.5073630429995178,0.21534712788733462,0.5725609115641723,0.560307121000026,0.3500301061360806,0.20394151578853884,0.10740378844704364,0.4501934239716461,0.22635083382035812,0.12067236396209463,0.08903118873461296,0.4948374025604029,0.12632257132427915,0.015101077057643327,2026-08-20T17:12:11Z
824474,682829,Elly De La Cruz,CIN,STL,1,1,confirmed,Michael McGreevy,Great American Ball Park,2026-08-20T16:40:00Z,4.424555349226767,2518,1199,0.13016607834445576,0.6578088942056426,0.33017827684565004,0.7314437005506412,0.7077619287247353,0.5095850021376456,0.3440171384980669,0.21536918611986527,0.6470900737584664,0.40470694408336666,0.24909491630167357,0.17676209612822763,0.6345806907878565,0.25501496519104966,0.06434299002650488,2026-08-20T17:12:11Z
824474,802139,JJ Wetherholt,STL,CIN,0,1,confirmed,Brady Singer,Great American Ball Park,2026-08-20T16:40:00Z,4.680324927113082,623,3674,0.15116716690822854,0.6756744073255105,0.5528700649317442,0.5856381535347728,0.7196840227174262,0.524510938191629,0.35877356189287657,0.22804610641859588,0.6484550574599323,0.40722792735137836,0.2517485427742803,0.1788918320425509,0.6510619463081613,0.27373497436415023,0.07384566318538435,2026-08-20T17:12:11Z
824474,701398,Sal Stewart,CIN,STL,1,2,confirmed,Michael McGreevy,Great American Ball Park,2026-08-20T16:40:00Z,4.178404166995093,711,1199,0.15985799274799992,0.6410602057386328,0.2838603597134009,0.6051532659581363,0.6938080560448106,0.49293488543646646,0.3281717049387971,0.20221048969748834,0.6397378837720441,0.3963017585650983,0.24203044011509467,0.1716124479440753,0.6190984584407271,0.23853764183450038,0.056611739706562796,2026-08-20T17:12:11Z
824474,671056,Iván Herrera,STL,CIN,0,2,confirmed,Brady Singer,Great American Ball Park,2026-08-20T16:40:00Z,4.460813216517494,1463,3674,0.10547291137956159,0.6566896939020603,0.4066228332151014,0.6221670254303511,0.6816577083803329,0.4806986624502296,0.3181604683693438,0.19507342901799435,0.606018804064368,0.3643500632402278,0.2185641610700496,0.1556088597299991,0.6335187533952513,0.2547554624666693,0.06472120576781265,2026-08-20T17:12:11Z
824474,668709,JJ Bleday,CIN,STL,1,3,confirmed,Michael McGreevy,Great American Ball Park,2026-08-20T16:40:00Z,4.056746909536184,2136,1199,0.17344689947244912,0.6201849111227192,0.40039048142570854,0.5707389973829781,0.6721840156212304,0.46844842098818495,0.30584447805808435,0.18438357160929233,0.6475459685887951,0.4035157503146122,0.24712413769264877,0.1749675861025062,0.5997522542653324,0.2194540163047391,0.0485027984764546,2026-08-20T17:12:11Z
824474,676475,Alec Burleson,STL,CIN,0,3,confirmed,Brady Singer,Great American Ball Park,2026-08-20T16:40:00Z,4.269130097967232,2337,3674,0.15121397451216842,0.7065388676727752,0.3507779545270647,0.5476042095739632,0.7155420376621846,0.5184717428596279,0.3521341969569321,0.2218366875902401,0.6765913568781653,0.4359798160664994,0.27387508170933944,0.19421526220509341,0.6795688160780303,0.3031609361746492,0.08650679698855847,2026-08-20T17:12:11Z
824474,663886,Tyler Stephenson,CIN,STL,1,4,confirmed,Michael McGreevy,Great American Ball Park,2026-08-20T16:40:00Z,3.975865285742084,2139,1199,0.11176617023250837,0.6040267985806865,0.2901972746451291,0.6797070444707378,0.6481042369321699,0.4424855784681215,0.2830593480274764,0.1668060470997458,0.5792598836210892,0.3369445346093475,0.19718244183534434,0.14056510682919202,0.5847479916008116,0.20538328103628767,0.042895927235126606,2026-08-20T17:12:11Z
824474,691023,Jordan Walker,STL,CIN,0,4,confirmed,Brady Singer,Great American Ball Park,2026-08-20T16:40:00Z,4.2459176877532085,1789,3674,0.10890798086904241,0.6581973558013706,0.27990727952987027,0.7087641867104627,0.6842725091056291,0.48239944144264585,0.31878435468458916,0.1948913880293143,0.6140924299138713,0.3709191261041517,0.22280920446749464,0.15833039015704134,0.6349760857251645,0.25422051732440265,0.06324050052702089,2026-08-20T17:12:11Z
824474,680574,Matt McLain,CIN,STL,1,5,confirmed,Michael McGreevy,Great American Ball Park,2026-08-20T16:40:00Z,3.9758652857420844,1535,1199,0.112405995016632,0.5951871928502988,0.30378058269759567,0.7230305705195323,0.6510655826366349,0.4451759192477553,0.2850456295251793,0.168061773878782,0.5757928535247043,0.33343246974721796,0.19445353302822022,0.13864602151608374,0.5765291410640541,0.19782340586243477,0.039902681255276434,2026-08-20T17:12:11Z
824474,695491,Joshua Báez,STL,CIN,0,5,confirmed,Brady Singer,Great American Ball Park,2026-08-20T16:40:00Z,3.3971980399892354,54,3674,0.14678574294753316,0.552971826061271,0.2688533238252043,0.6298829081857452,0.6869581410110702,0.48051473584174287,0.31379026654424125,0.18876090733072282,0.5747534002363541,0.3300463770956279,0.1911475468833123,0.13638245366190582,0.5372543681325249,0.16371694357239028,0.02827402412691486,2026-08-20T17:12:11Z
824474,669911,Michael Toglia,CIN,STL,1,6,confirmed,Michael McGreevy,Great American Ball Park,2026-08-20T16:40:00Z,3.699790896170516,1343,1199,0.115253435139815,0.5401238547746264,0.2556315206439341,0.800471653732249,0.6051524934019096,0.3985426581717625,0.246003444926672,0.13921473333805723,0.5473251264064285,0.30773324091772913,0.17609925897768614,0.12619498285251687,0.5250281868228037,0.15693882693043093,0.026703088426668055,2026-08-20T17:12:11Z
824474,701675,Nathan Church,STL,CIN,0,6,confirmed,Brady Singer,Great American Ball Park,2026-08-20T16:40:00Z,3.397198039989236,505,3674,0.09847944046910928,0.5618667701511312,0.2870573118490241,0.4904533068829847,0.588745231865726,0.3819828660918354,0.23232556699377968,0.12929020265256788,0.5337967473143481,0.2954107102403612,0.16737712879568623,0.12036158377866031,0.5455545446839715,0.17035593656798703,0.03022550274672075,2026-08-20T17:12:11Z
824474,667472,Dane Myers,CIN,STL,1,7,confirmed,Michael McGreevy,Great American Ball Park,2026-08-20T16:40:00Z,3.1687822809990367,890,1199,0.0687598574575231,0.53098475815291,0.24834138946913467,0.5488713330831859,0.5575855004463444,0.3511333718617661,0.20702252019488554,0.11094468652573498,0.48110145825074335,0.2515565369277873,0.1375498476402907,0.10031284739332992,0.5167902759142053,0.145666434798665,0.02170626819284469,2026-08-20T17:12:11Z
824474,663494,Bryan Torres,STL,CIN,0,7,confirmed,Brady Singer,Great American Ball Park,2026-08-20T16:40:00Z,3.0774670856010657,154,3674,0.10091935729073978,0.5365336810351106,0.29787130666417816,0.5182458293559946,0.5680250473577187,0.3590385936834586,0.2121183283123856,0.11380785911055073,0.524284187880957,0.28353945898734845,0.15764160652610648,0.11366092180662145,0.5221502232526107,0.14718580120513167,0.021240036190405365,2026-08-20T17:12:11Z
824474,699302,Héctor Rodríguez,CIN,STL,1,8,confirmed,Michael McGreevy,Great American Ball Park,2026-08-20T16:40:00Z,3.1509885007408744,69,1199,0.09036838761307636,0.5569223920762072,0.22279126333247806,0.41046109069628106,0.5423104471245057,0.33599412055390754,0.19463175708114602,0.1020138445968466,0.53138169656913,0.2884627703738687,0.1604683416612265,0.11546837157552309,0.5413813142862071,0.15928090420348628,0.023493047855731867,2026-08-20T17:12:11Z
824474,691458,Blaze Jordan,STL,CIN,0,8,confirmed,Brady Singer,Great American Ball Park,2026-08-20T16:40:00Z,3.0774670856010653,232,3674,0.06103901921213654,0.5259585133361797,0.19012285179088148,0.45242455068989634,0.5395063770660208,0.334588297097335,0.194258144576037,0.10220373494449699,0.4830878615141389,0.2521835244792171,0.13761462620396495,0.10035743133412918,0.5121514101002738,0.1411060407283751,0.020033968483716972,2026-08-20T17:12:11Z
824474,663647,Ke'Bryan Hayes,CIN,STL,1,9,confirmed,Michael McGreevy,Great American Ball Park,2026-08-20T16:40:00Z,3.150988500740875,2441,1199,0.06472431980019744,0.5078498331461397,0.1794435818606574,0.4730101125396871,0.5402773877329436,0.33716408756500527,0.19729531455889365,0.10490884763168995,0.46276811513286686,0.23901835175540181,0.12997341550600433,0.09522629864993142,0.49485006103305107,0.13309219963220245,0.019270960394748626,2026-08-20T17:12:11Z
824474,699625,Jimmy Crooks,STL,CIN,0,9,confirmed,Brady Singer,Great American Ball Park,2026-08-20T16:40:00Z,2.9824636830539273,216,3674,0.10044057695198821,0.5089136600815758,0.2601475058746251,0.6745602411590749,0.5437087292820763,0.33661807462739946,0.19473398556866123,0.10184138242214766,0.5051334188605299,0.26724508005853326,0.14648420163284848,0.10618900334258485,0.49621671413871865,0.12851642394358148,0.01614540615764451,2026-08-20T17:12:11Z
824589,803011,Sam Antonacci,CWS,ATL,1,1,confirmed,Grant Holmes,Rate Field,2026-08-20T18:10:00Z,4.344103549028013,458,1453,0.10968796437121835,0.654408309974112,0.5153993731947872,0.501636265644451,0.7071590552161742,0.5089122975639966,0.34340645779237927,0.21488047122915288,0.6127820091094974,0.3703904442168,0.22282377484509386,0.15847056916130933,0.6314294911116788,0.2518908755234683,0.0630034518613294,2026-08-20T17:12:11Z
824589,660670,Ronald Acuña Jr.,ATL,CWS,0,1,confirmed,Anthony Kay,Rate Field,2026-08-20T18:10:00Z,4.723342392917026,2357,738,0.19907736841745333,0.7073438155990072,0.5848344966467536,0.6285473899751765,0.7779377177875418,0.5973971342478729,0.43059520231157933,0.2894527650830849,0.7056163814593867,0.4702258010136154,0.3032734438351862,0.21588409223207541,0.6802867889491164,0.3060979894582114,0.08962853208704952,2026-08-20T17:12:11Z
824589,808959,Munetaka Murakami,CWS,ATL,1,2,confirmed,Grant Holmes,Rate Field,2026-08-20T18:10:00Z,4.344103549028013,429,1453,0.2492745028482915,0.6249193522781564,0.5658852314521902,0.7979420261596254,0.7520871689857851,0.5621980808560029,0.3935132493325877,0.25583793016987166,0.695332364452417,0.4562926114331894,0.29010622363737804,0.20562674832997374,0.6041088317422058,0.2246610347328955,0.0512523529528588,2026-08-20T17:12:11Z
824589,686948,Drake Baldwin,ATL,CWS,0,2,confirmed,Anthony Kay,Rate Field,2026-08-20T18:10:00Z,4.414804468553822,1043,738,0.1329039038222905,0.6554427993129337,0.39423181941141666,0.6360042724210195,0.7147134524808008,0.5182543067625903,0.3525579416984649,0.22268139084918265,0.6245907382813175,0.3825561462459339,0.23237188500470976,0.16521554344595296,0.6323602035830956,0.25377951538372717,0.06443818387500504,2026-08-20T17:12:11Z
824589,678246,Miguel Vargas,CWS,ATL,1,3,confirmed,Grant Holmes,Rate Field,2026-08-20T18:10:00Z,4.06986178259901,1925,1453,0.12665851707436707,0.5789148607622695,0.4225308440922011,0.612032552132308,0.6565654513066115,0.45186119903768485,0.2914732463535302,0.17343450869299323,0.5860591238069742,0.34371329976620213,0.2023519680338206,0.14416385955205466,0.5612635971431716,0.1868132777824248,0.037018738418251804,2026-08-20T17:12:11Z
824589,621566,Matt Olson,ATL,CWS,0,3,confirmed,Anthony Kay,Rate Field,2026-08-20T18:10:00Z,4.414804468553821,3680,738,0.20109860292055484,0.6358967214471147,0.42940477900974267,0.7718743741167624,0.7273438680784351,0.5323798295783727,0.36517419140274643,0.2324873144428433,0.6731643263594029,0.4321711844752484,0.270757826435944,0.19198616933796653,0.6142758511466526,0.23490329682372177,0.05574049653330432,2026-08-20T17:12:11Z
824589,643217,Andrew Benintendi,CWS,ATL,1,4,confirmed,Grant Holmes,Rate Field,2026-08-20T18:10:00Z,4.0370134771329935,2708,1453,0.11256131746686245,0.6266097563599656,0.35874661829081766,0.5470667287759229,0.6615630675294722,0.4566163696823771,0.29518357268307605,0.1759582529428933,0.5934680890791767,0.3500323614457525,0.2066464621275061,0.14700483853109506,0.605754513618894,0.22408046650319616,0.049749323907880484,2026-08-20T17:12:11Z
824589,645277,Ozzie Albies,ATL,CWS,0,4,confirmed,Anthony Kay,Rate Field,2026-08-20T18:10:00Z,4.369994605458995,2829,738,0.11572700456644655,0.6246238033537022,0.33652500607182084,0.5870241972149555,0.6847330318769432,0.4830201841450039,0.3194472094349279,0.1955034167134389,0.5981897522100366,0.35587206254553594,0.2117321079866262,0.15074577775669779,0.6038296776326314,0.22460195010896442,0.05138069637210698,2026-08-20T17:12:11Z
824589,695731,Braden Montgomery,CWS,ATL,1,5,confirmed,Grant Holmes,Rate Field,2026-08-20T18:10:00Z,3.8446123353188764,277,1453,0.08493661912650294,0.5910180847892608,0.37817106905832937,0.6446268016247749,0.628825276041842,0.42231084341167424,0.26577831763002235,0.15377118333424583,0.5540239634490131,0.3140873735813274,0.18080245342565548,0.12943284234522268,0.5726630680537494,0.19429200248808826,0.03866977061736006,2026-08-20T17:12:11Z
824589,657041,Lane Thomas,ATL,CWS,0,5,confirmed,Anthony Kay,Rate Field,2026-08-20T18:10:00Z,4.1711871977816,2556,738,0.14407565745981996,0.622207060401956,0.4289467147777286,0.6688180340075144,0.6815944918822908,0.4789422677079513,0.31531401315657326,0.19188486952332445,0.6208471373771949,0.37696302568592843,0.2270382128847133,0.16114358273901777,0.6016189081596527,0.22157976080378075,0.04960019902898659,2026-08-20T17:12:11Z
824589,695657,Colson Montgomery,CWS,ATL,1,6,confirmed,Grant Holmes,Rate Field,2026-08-20T18:10:00Z,3.844612335318877,886,1453,0.18105183617410567,0.5742891377830177,0.35162585963412935,0.7609291592527172,0.6692376323962281,0.4638647774157073,0.3007340056641807,0.17961320645248285,0.616173265241355,0.3705755490484005,0.22114452469016965,0.1566825289490341,0.5570338956114745,0.18136092470098916,0.034119690722348606,2026-08-20T17:12:11Z
824589,671739,Michael Harris II,ATL,CWS,0,6,confirmed,Anthony Kay,Rate Field,2026-08-20T18:10:00Z,4.06614022933545,2836,738,0.10926114620637613,0.6510952723198866,0.22540096980912094,0.6252395106331866,0.6873121441399458,0.48474592102241165,0.32009266234949024,0.19531434897081482,0.6126522907766769,0.3684809637836411,0.2203958569788514,0.15647404823022856,0.6284532636184975,0.2460449994126222,0.05873067894015498,2026-08-20T17:12:11Z
824589,805367,Chase Meidroth,CWS,ATL,1,7,confirmed,Grant Holmes,Rate Field,2026-08-20T18:10:00Z,3.844612335318877,1156,1453,0.07946699218053828,0.6033645565718381,0.3751359772399723,0.5965237251111356,0.6311966142974356,0.42425228428161205,0.2670161142225639,0.15437978900514193,0.544001026049431,0.3050808422410902,0.17430954580414873,0.12497576383013133,0.5842011453881473,0.20319218883664592,0.04111894398963022,2026-08-20T17:12:11Z
824589,643289,Mauricio Dubón,ATL,CWS,0,7,confirmed,Anthony Kay,Rate Field,2026-08-20T18:10:00Z,3.869020720959198,2304,738,0.08709812523072703,0.6374413170928527,0.2774595837874698,0.379095834605445,0.6569263006741131,0.451332885157789,0.2904599435683573,0.17230995112975744,0.5824694326747604,0.33959492793435764,0.1990337957649326,0.14185487327849539,0.6158547258311706,0.23285088560945782,0.05302942522275456,2026-08-20T17:12:11Z
824589,671976,Tristan Peters,CWS,ATL,1,8,confirmed,Grant Holmes,Rate Field,2026-08-20T18:10:00Z,3.0381920059267475,505,1453,0.07399800900384348,0.5305969597579208,0.2825700495911982,0.43513072612480114,0.5734498550230754,0.3635392762221981,0.21526402804848516,0.11572879642282301,0.5047777357849635,0.2679370979081002,0.1473626807323285,0.10680846680724726,0.5165865516758322,0.14295012337278404,0.01995786769005035,2026-08-20T17:12:11Z
824589,663586,Austin Riley,ATL,CWS,0,8,confirmed,Anthony Kay,Rate Field,2026-08-20T18:10:00Z,3.8690207209591985,3100,738,0.1678217916780467,0.6195506106511882,0.374369448859533,0.6888842275851661,0.6961743056369374,0.49383345338107737,0.3275348605429945,0.20055813375747733,0.6369650410626602,0.3915558094164463,0.23716651759616478,0.16775504554527798,0.5992211490445774,0.21730751802525003,0.0466435836000758,2026-08-20T17:12:11Z
824589,691011,Drew Romo,CWS,ATL,1,9,confirmed,Grant Holmes,Rate Field,2026-08-20T18:10:00Z,2.8578725452155154,327,1453,0.0758890348970437,0.45408956679914286,0.25723775687524897,0.5257205307664692,0.5064021290204077,0.3043070222157974,0.1708828301836159,0.08617107364892697,0.44920691621965525,0.2250713041990062,0.11965771501191409,0.08835671866097673,0.4443245374874362,0.09734892001073717,0.009558942910388073,2026-08-20T17:12:11Z
824589,669221,Sean Murphy,ATL,CWS,0,9,confirmed,Anthony Kay,Rate Field,2026-08-20T18:10:00Z,3.7096236337477486,1805,738,0.13005214181886823,0.556582865553538,0.4550508815986967,0.6258616386385357,0.6433710640096616,0.4363682521857901,0.27708771697655704,0.16182413994558276,0.5676267277751551,0.3253687973788642,0.18844330937074819,0.1345569546937584,0.5404876511083994,0.16826721298163796,0.03013339925567985,2026-08-20T17:12:11Z
824802,683002,Gunnar Henderson,BAL,NYY,1,1,projected,Gerrit Cole,Oriole Park at Camden Yards,2026-08-20T22:35:00Z,4.436340083142108,2841,2724,0.16455097484808107,0.6310663947021916,0.3894433069364941,0.7131903407346925,0.7014673254298756,0.5023774104273614,0.33739722665203137,0.21005431658622378,0.6475194923682995,0.40515659099729706,0.2494521410514754,0.17701599182996858,0.6097792194744034,0.2310113362239226,0.05439065016544183,2026-08-20T17:12:11Z
824802,663757,Trent Grisham,NYY,BAL,0,1,projected,Kyle Bradish,Oriole Park at Camden Yards,2026-08-20T22:35:00Z,4.462031721212549,2613,2203,0.15236605046722398,0.5884528961941036,0.4741855869269303,0.7062706510754675,0.6619980696573627,0.46015891930089625,0.3005313391925554,0.1817258183787212,0.6033144719524844,0.3624846067209137,0.21754618081607427,0.15501151290325688,0.5699997661468189,0.19771769147031434,0.0426694054236086,2026-08-20T17:12:11Z
824802,702616,Jackson Holliday,BAL,NYY,1,2,projected,Gerrit Cole,Oriole Park at Camden Yards,2026-08-20T22:35:00Z,4.119769800004357,1238,2724,0.1103102025430776,0.5946078852547392,0.37566337835745556,0.6946774152065847,0.6345679802683457,0.4298218701454486,0.27322459549930833,0.16009583084487466,0.5689078016194471,0.3288304435526444,0.19200196419389248,0.13720412373399965,0.5758816510421987,0.1997294473575074,0.041916048793558855,2026-08-20T17:12:11Z
824802,671218,Heliot Ramos,NYY,BAL,0,2,projected,Kyle Bradish,Oriole Park at Camden Yards,2026-08-20T22:35:00Z,4.462031721212548,1777,2203,0.1101425449702918,0.6516074325183986,0.29461735281241314,0.7797154354941979,0.6714117210768015,0.46951317164524714,0.3082141854318151,0.18729118580281331,0.6111879776932673,0.36929180723767857,0.22224227998029908,0.15814544234486108,0.6288111570304779,0.25001714713169754,0.06264200379984398,2026-08-20T17:12:11Z
824802,641933,Tyler O'Neill,BAL,NYY,1,3,projected,Gerrit Cole,Oriole Park at Camden Yards,2026-08-20T22:35:00Z,4.110614657126073,1738,2724,0.14948765401053837,0.5895800321315117,0.33659740296835855,0.7845708169269081,0.6549830337752736,0.4503091882597266,0.2902445477196436,0.17259401877774344,0.5985591939487979,0.3554363493456232,0.21097467621341642,0.15008867648604043,0.5712254946067162,0.19509364269541646,0.0399474687659439,2026-08-20T17:12:11Z
824802,671277,Luis García Jr.,NYY,BAL,0,3,projected,Kyle Bradish,Oriole Park at Camden Yards,2026-08-20T22:35:00Z,4.28077009363811,2565,2203,0.1337774010229235,0.6681019072691398,0.25136382600850826,0.5935954829467702,0.6860634918795587,0.48493932882382274,0.3214796539668475,0.19732259832114254,0.6413990382668823,0.39869432166525975,0.24430920358107233,0.1733682053469912,0.6441096683948446,0.2644782894537136,0.06830274231069329,2026-08-20T17:12:11Z
824802,624413,Pete Alonso,BAL,NYY,1,4,projected,Gerrit Cole,Oriole Park at Camden Yards,2026-08-20T22:35:00Z,4.110614657126073,3631,2724,0.18795594755860798,0.6240200016825408,0.3503391253459212,0.6978206196821433,0.6943873873185754,0.4923654892775558,0.3266540342901598,0.2002208938734473,0.65342928082115,0.40905019869112313,0.25103064143339526,0.1775118240823116,0.6033448626124605,0.22187680690137018,0.0488654231843216,2026-08-20T17:12:11Z
824802,642708,Amed Rosario,NYY,BAL,0,4,projected,Kyle Bradish,Oriole Park at Camden Yards,2026-08-20T22:35:00Z,4.140872165489994,2214,2203,0.09183092566746139,0.6456179577305781,0.21668512413733645,0.6869968249875151,0.6521888592654693,0.4479513532958444,0.2886301946980538,0.17167166516985627,0.5935699719666786,0.3513511365410738,0.20829750428528132,0.14834951046540848,0.6233285877607102,0.24262208284324802,0.05833306678745535,2026-08-20T17:12:11Z
824802,687952,Christian Encarnacion-Strand,BAL,NYY,1,5,projected,Gerrit Cole,Oriole Park at Camden Yards,2026-08-20T22:35:00Z,3.8012207743638635,750,2724,0.15214411526211172,0.6052379195488359,0.20101977428588447,0.6865317009167734,0.664544682857194,0.4589654974820213,0.29663665185668475,0.1766418807086445,0.6150083054139981,0.3695911659005307,0.2205601976405872,0.1563629212880559,0.5859270228961317,0.20527307680916146,0.04226647269460496,2026-08-20T17:12:11Z
824802,641857,Ryan McMahon,NYY,BAL,0,5,projected,Kyle Bradish,Oriole Park at Camden Yards,2026-08-20T22:35:00Z,4.140872165489994,3050,2203,0.12008919439645264,0.5948974083414573,0.3927702061659675,0.7984111102753376,0.638716242853394,0.4336236348919983,0.27613175171670207,0.16205322842127706,0.5820308645905459,0.34023799339058886,0.19996426324670286,0.14257652240404356,0.5761821706222298,0.1993406142483589,0.04145607708843894,2026-08-20T17:12:11Z
824802,681297,Colton Cowser,BAL,NYY,1,6,projected,Gerrit Cole,Oriole Park at Camden Yards,2026-08-20T22:35:00Z,3.5941032582515735,1525,2724,0.14242755509718405,0.5151713003464182,0.3623757043847534,0.8138339137352865,0.5997253651854165,0.3929375002143295,0.24127968527069285,0.13571618941127989,0.5443126801253806,0.304769988729743,0.17390484047366178,0.12470761763990353,0.5015625126059683,0.14039373945815858,0.022074025267462903,2026-08-20T17:12:11Z
824802,502671,Paul Goldschmidt,NYY,BAL,0,6,projected,Kyle Bradish,Oriole Park at Camden Yards,2026-08-20T22:35:00Z,4.140872165489995,3049,2203,0.12471575066710654,0.6369350454170396,0.28787261741499826,0.7242391317015847,0.6772891096845148,0.4738419406093019,0.3104978672949995,0.18791870311021833,0.6126926673123732,0.36861658798276764,0.22055291387892573,0.15660165915315508,0.6153226377693354,0.23358685839273083,0.05384357021403471,2026-08-20T17:12:11Z
824802,691723,Coby Mayo,BAL,NYY,1,7,projected,Gerrit Cole,Oriole Park at Camden Yards,2026-08-20T22:35:00Z,3.317938536954689,840,2724,0.11041279454079193,0.5183062773795228,0.23736719258810846,0.7501327485587925,0.5820255808771738,0.37439909424906276,0.22551648513959152,0.12396276592741988,0.5252465960758914,0.28704599321179697,0.16112654480383043,0.11607626249867006,0.5047041666584787,0.13972209031500446,0.02099843710456857,2026-08-20T17:12:11Z
824802,665862,Jazz Chisholm Jr.,NYY,BAL,0,7,projected,Kyle Bradish,Oriole Park at Camden Yards,2026-08-20T22:35:00Z,4.010230951783249,2546,2203,0.14704843648326912,0.5881225104160055,0.34684559739069276,0.804012764393704,0.6685656804829768,0.4639750501690737,0.3015159855915905,0.1807598747232272,0.5956374851851897,0.35197913489082017,0.2080471147552371,0.14796713330307337,0.5699125561886044,0.19296274345278155,0.038664208459100735,2026-08-20T17:12:11Z
824802,665966,Carlos Narváez,BAL,NYY,1,8,projected,Gerrit Cole,Oriole Park at Camden Yards,2026-08-20T22:35:00Z,3.3179385369546885,838,2724,0.0759652482506744,0.49472797754648423,0.2532049701089581,0.7412868203478064,0.5438335169793465,0.3402980752048226,0.19964127743030088,0.10647794984272314,0.47123606748055574,0.24526283855587824,0.13393515447110896,0.09788702579246408,0.4824324355191772,0.1255281191704097,0.017535243545592973,2026-08-20T17:12:11Z
824802,676609,José Caballero,NYY,BAL,0,8,projected,Kyle Bradish,Oriole Park at Camden Yards,2026-08-20T22:35:00Z,3.484651563639006,1668,2203,0.07493954081067644,0.5296036685982374,0.2893192685326752,0.6894414995167942,0.5747756914947676,0.36915833205803933,0.2223493405770417,0.12237470256312377,0.4925092158611918,0.26255226602434256,0.1455700384983119,0.10571902758989994,0.5152292424682577,0.14873574715427154,0.024110635546320383,2026-08-20T17:12:11Z
824802,665750,Leody Taveras,BAL,NYY,1,9,projected,Gerrit Cole,Oriole Park at Camden Yards,2026-08-20T22:35:00Z,3.3179385369546885,2236,2724,0.08810382127678806,0.5130417937373469,0.24210371162024344,0.6625494794963708,0.5741982503219976,0.3671988202670645,0.2199134650555423,0.12007825191812234,0.4963600291687397,0.26420392407485804,0.1460785770548681,0.10600640834676268,0.4997401119370322,0.13638491922371937,0.020085240343841838,2026-08-20T17:12:11Z
824802,669224,Austin Wells,NYY,BAL,0,9,projected,Kyle Bradish,Oriole Park at Camden Yards,2026-08-20T22:35:00Z,3.473217200894585,1431,2203,0.11377555818366387,0.5115325333395441,0.3190201033340385,0.6612420900329357,0.5920734984708408,0.3848752388873491,0.23442816998034688,0.13063087352382827,0.521362507479571,0.28505264237819083,0.16030136051982433,0.11558765422547095,0.4982058284818712,0.13715318990524525,0.0209898894314681,2026-08-20T17:12:11Z
