window,tier,n_legs,n_graded,slip_p,legs_hit,hit,n_games,solo,correlated,legs,game_date
0,MEDIUM,3,3,0.0638213402530095,2.0,0.0,1,True,True,TJ Rumfield Walk + Kevin McGonigle Walk + Mickey Moniak TB 2.5,2026-09-13
1,LOTTO,3,3,0.0152032663594592,0.0,0.0,10,False,False,Kyle Schwarber HR + Aaron Judge HR + Pete Crow-Armstrong HR,2026-09-13
1,MEDIUM,3,3,0.0794659855795691,1.0,0.0,10,False,False,Dylan Cease Over 8.5 K + Kyle Schwarber TB 3.5 + Aaron Judge Walk,2026-09-13
1,MIXED,4,4,0.0463263457082666,2.0,0.0,10,False,False,Dylan Cease Over 8.5 K + Michael Harris II H+R+RBI 0.5 + Aaron Judge Walk + Pete Crow-Armstrong HR,2026-09-13
1,SAFE,3,3,0.3416160116223052,1.0,0.0,10,False,False,Cam Schlittler Under 7.5 K + Michael Harris II H+R+RBI 0.5 + Yordan Alvarez H+R+RBI 0.5,2026-09-13
2,LOTTO,3,3,0.0003779580105698,0.0,0.0,1,True,True,Bobby Witt Jr. Hits 2.5 + Jac Caglianone Hits 2.5 + Michael Massey Hits 2.5,2026-09-13
2,MEDIUM,3,3,0.0639474366044459,1.0,0.0,1,True,True,Willson Contreras Walk + Bobby Witt Jr. Hits 1.5 + Roman Anthony Walk,2026-09-13
2,MIXED,4,4,0.0151785078353874,2.0,0.0,1,True,True,Payton Tolle Under 6.5 K + Bobby Witt Jr. H+R+RBI 0.5 + Willson Contreras Walk + Jac Caglianone Hits 2.5,2026-09-13
2,SAFE,3,3,0.2990478933688112,1.0,0.0,1,True,True,Payton Tolle Under 6.5 K + Bobby Witt Jr. H+R+RBI 0.5 + Jac Caglianone H+R+RBI 0.5,2026-09-13
3,LOTTO,3,3,0.0014117329073151,1.0,0.0,2,False,True,Gabriel Moreno Hits 2.5 + Randy Arozarena HR + Josh Jung Hits 2.5,2026-09-13
3,MEDIUM,3,3,0.0719974597182107,1.0,0.0,2,False,True,Cal Raleigh HR + Lars Nootbaar Walk + J.P. Crawford Walk,2026-09-13
3,MIXED,3,3,0.0318759944641847,1.0,0.0,2,False,True,Randy Arozarena H+R+RBI 0.5 + Lars Nootbaar Walk + Gabriel Moreno Hits 2.5,2026-09-13
3,SAFE,3,3,0.384498979345276,3.0,1.0,2,False,True,Randy Arozarena H+R+RBI 0.5 + Corey Seager H+R+RBI 0.5 + Cal Raleigh H+R+RBI 0.5,2026-09-13
4,LOTTO,3,3,0.0004150487487515,1.0,0.0,1,True,True,Fernando Tatis Jr. Hits 2.5 + Dustin Harris Hits 2.5 + Jackson Merrill Hits 2.5,2026-09-13
4,MEDIUM,3,3,0.0476816686770339,2.0,0.0,1,True,True,Fernando Tatis Jr. Hits 1.5 + Bryce Eldridge Walk + Drew Gilbert Walk,2026-09-13
4,MIXED,3,3,0.0225857855911795,1.0,0.0,1,True,True,Fernando Tatis Jr. H+R+RBI 0.5 + Bryce Eldridge Walk + Dustin Harris Hits 2.5,2026-09-13
4,SAFE,3,3,0.3503404898657145,3.0,1.0,1,True,True,Fernando Tatis Jr. H+R+RBI 0.5 + Jackson Merrill H+R+RBI 0.5 + Manny Machado H+R+RBI 0.5,2026-09-13
0,LOTTO,3,3,0.0125418855214515,1.0,0.0,7,False,False,Aaron Judge HR + Pete Alonso HR + Mookie Betts HR,2026-09-14
0,MEDIUM,3,3,0.0736077280927644,2.0,0.0,7,False,False,Gavin Williams Under 7.5 K + Aaron Judge TB 2.5 + Kevin McGonigle Walk,2026-09-14
0,MIXED,4,4,0.0396610932323004,2.0,0.0,7,False,False,Gavin Williams Under 7.5 K + Aaron Judge H+R+RBI 0.5 + Kevin McGonigle Walk + Pete Alonso HR,2026-09-14
0,SAFE,3,3,0.4335623559695926,1.0,0.0,7,False,False,Aaron Judge H+R+RBI 0.5 + Mookie Betts H+R+RBI 0.5 + Ronald Acuña Jr. H+R+RBI 0.5,2026-09-14
1,LOTTO,3,3,0.0066716400926035,0.0,0.0,1,True,True,Fernando Tatis Jr. Hits 2.5 + Hunter Goodman HR + Jackson Merrill HR,2026-09-14
1,MEDIUM,3,3,0.0406339789112548,2.0,0.0,1,True,True,Fernando Tatis Jr. Hits 1.5 + Jackson Merrill TB 2.5 + Hunter Goodman TB 2.5,2026-09-14
1,MIXED,3,3,0.0629117357205559,2.0,0.0,1,True,True,Fernando Tatis Jr. H+R+RBI 0.5 + Jackson Merrill TB 2.5 + Hunter Goodman HR,2026-09-14
1,SAFE,3,3,0.4287262646595293,3.0,1.0,1,True,True,Fernando Tatis Jr. H+R+RBI 0.5 + Manny Machado H+R+RBI 0.5 + Jackson Merrill H+R+RBI 0.5,2026-09-14
2,LOTTO,3,3,0.0028886101098217,1.0,0.0,2,False,True,Cal Raleigh HR + Gabriel Moreno Hits 2.5 + Mike Trout HR,2026-09-14
2,MEDIUM,3,3,0.1067350762875484,1.0,0.0,2,False,True,J.P. Crawford Walk + Lars Nootbaar Walk + Mike Trout Walk,2026-09-14
2,MIXED,3,3,0.0620654698390792,2.0,0.0,2,False,True,Mike Trout H+R+RBI 0.5 + Lars Nootbaar Walk + Cal Raleigh HR,2026-09-14
2,SAFE,3,3,0.3627862351038067,3.0,1.0,2,False,True,Mike Trout H+R+RBI 0.5 + Ketel Marte H+R+RBI 0.5 + Randy Arozarena H+R+RBI 0.5,2026-09-14
0,LOTTO,3,3,0.0087463976286309,2.0,0.0,13,False,False,Fernando Tatis Jr. Hits 2.5 + Pete Alonso HR + Kyle Schwarber HR,2026-09-15
0,MEDIUM,3,3,0.0492750951144304,2.0,0.0,13,False,False,Drew Anderson Under 3.5 K + Pete Alonso TB 3.5 + Fernando Tatis Jr. TB 2.5,2026-09-15
0,MIXED,4,4,0.059555604044929,2.0,0.0,13,False,False,Sean Manaea Under 6.5 K + Fernando Tatis Jr. H+R+RBI 0.5 + Bryce Harper Walk + Ben Rice HR,2026-09-15
0,SAFE,3,3,0.3667383608158288,3.0,1.0,13,False,False,Sean Manaea Under 6.5 K + Fernando Tatis Jr. H+R+RBI 0.5 + Freddie Freeman H+R+RBI 0.5,2026-09-15
1,MEDIUM,3,3,0.0852102637975441,2.0,0.0,2,False,True,Cal Raleigh HR + Jakob Marsee Walk + J.P. Crawford Walk,2026-09-15
1,SAFE,3,3,0.3908904369941594,1.0,0.0,2,False,True,Ketel Marte H+R+RBI 0.5 + Cal Raleigh H+R+RBI 0.5 + Lars Nootbaar H+R+RBI 0.5,2026-09-15
0,LOTTO,3,3,0.0019700312492991,0.0,0.0,3,False,False,Ben Rice HR + Alec Burleson Hits 2.5 + Randal Grichuk Hits 2.5,2026-09-16
0,MEDIUM,3,3,0.0529589027265274,1.0,0.0,3,False,False,Parker Messick Over 6.5 K + Aaron Judge HR + Alec Burleson Hits 1.5,2026-09-16
0,MIXED,4,4,0.0409672955268919,1.0,0.0,3,False,True,Parker Messick Over 6.5 K + Aaron Judge H+R+RBI 0.5 + Alec Burleson Hits 1.5 + Ben Rice TB 3.5,2026-09-16
0,SAFE,3,3,0.4058892699405425,2.0,0.0,3,False,False,Aaron Judge H+R+RBI 0.5 + Leo Bernal H+R+RBI 0.5 + Randal Grichuk H+R+RBI 0.5,2026-09-16
1,LOTTO,3,3,0.0026750648580974,0.0,0.0,1,True,True,Brett Bateman Hits 2.5 + Kazuma Okamoto HR + Riley Greene HR,2026-09-16
1,MEDIUM,3,3,0.0576533600964839,1.0,0.0,1,True,True,Kevin McGonigle Walk + Brett Bateman Hits 1.5 + Josh Smith Walk,2026-09-16
1,MIXED,4,4,0.0889172533765707,2.0,0.0,1,True,True,Max Scherzer Under 4.5 K + Brett Bateman H+R+RBI 0.5 + Kevin McGonigle Walk + Josh Smith Walk,2026-09-16
1,SAFE,3,3,0.3360110969909087,3.0,1.0,1,True,True,Max Scherzer Under 4.5 K + Brett Bateman H+R+RBI 0.5 + Kevin McGonigle H+R+RBI 0.5,2026-09-16
2,LOTTO,3,3,0.0032153852416961,0.0,0.0,9,False,False,Yandy Díaz Hits 2.5 + Kyle Schwarber HR + Fernando Tatis Jr. Hits 2.5,2026-09-16
2,MEDIUM,3,3,0.1705576789534311,3.0,1.0,9,False,False,Blake Snell Under 7.5 K + Jake Bauers Walk + Michael Busch Walk,2026-09-16
2,MIXED,4,4,0.1542738857337139,4.0,1.0,9,False,False,Cristian Javier Under 4.5 K + Fernando Tatis Jr. H+R+RBI 0.5 + Jake Bauers Walk + Michael Busch Walk,2026-09-16
2,SAFE,3,3,0.3693329877720253,2.0,0.0,9,False,False,Cristian Javier Under 4.5 K + Fernando Tatis Jr. H+R+RBI 0.5 + Yandy Díaz Hit,2026-09-16
3,LOTTO,3,3,0.0013652347583784,0.0,0.0,2,False,True,Cal Raleigh HR + Ketel Marte Hits 2.5 + Otto Lopez Hits 2.5,2026-09-16
3,MEDIUM,3,3,0.1268479232707824,2.0,0.0,2,False,True,Yusei Kikuchi Under 5.5 K + Geraldo Perdomo Walk + J.P. Crawford Walk,2026-09-16
3,MIXED,4,4,0.1006331269806572,2.0,0.0,2,False,True,George Kirby Over 5.5 K + Ketel Marte H+R+RBI 0.5 + Geraldo Perdomo Walk + J.P. Crawford Walk,2026-09-16
3,SAFE,3,3,0.3184433669290588,2.0,0.0,2,False,True,George Kirby Over 5.5 K + Ketel Marte H+R+RBI 0.5 + Randy Arozarena H+R+RBI 0.5,2026-09-16
0,LOTTO,3,3,0.0023754480462748,0.0,0.0,3,False,False,Junior Caminero HR + Freddie Freeman Hits 2.5 + Jackson Chourio Hits 2.5,2026-09-17
0,MEDIUM,3,3,0.0757567257817985,3.0,1.0,3,False,False,Drew Rasmussen Under 5.5 K + Freddie Freeman Hits 1.5 + Brice Turang Walk,2026-09-17
0,MIXED,4,4,0.0732366266538073,2.0,0.0,3,False,True,Kyle Harrison Over 5.5 K + Freddie Freeman H+R+RBI 0.5 + Junior Caminero TB 2.5 + Max Muncy Walk,2026-09-17
0,SAFE,3,3,0.3342866944407108,2.0,0.0,3,False,False,Kyle Harrison Over 5.5 K + Freddie Freeman H+R+RBI 0.5 + Junior Caminero H+R+RBI 0.5,2026-09-17
1,LOTTO,3,3,0.001799878244515,2.0,0.0,1,True,True,Fernando Tatis Jr. Hits 2.5 + Ty France Hits 2.5 + Dustin Harris Hits 2.5,2026-09-17
1,MEDIUM,3,3,0.0497918980244878,2.0,0.0,1,True,True,Fernando Tatis Jr. Hits 1.5 + Jackson Merrill TB 2.5 + Ty France Hits 1.5,2026-09-17
1,MIXED,3,3,0.0978830480199346,3.0,1.0,1,True,True,Fernando Tatis Jr. H+R+RBI 0.5 + Jackson Merrill TB 2.5 + Ty France Hits 1.5,2026-09-17
1,SAFE,3,3,0.4588572690232723,3.0,1.0,1,True,True,Fernando Tatis Jr. H+R+RBI 0.5 + Manny Machado H+R+RBI 0.5 + Jackson Merrill H+R+RBI 0.5,2026-09-17
2,LOTTO,3,3,0.0113682042811756,1.0,0.0,4,False,False,Kyle Schwarber HR + Yordan Alvarez HR + Corey Seager HR,2026-09-17
2,MEDIUM,3,3,0.0919896330505517,2.0,0.0,4,False,False,Nolan McLean Over 5.5 K + Kevin McGonigle Walk + Yordan Alvarez TB 2.5,2026-09-17
2,MIXED,4,4,0.0994228597559755,3.0,0.0,4,False,False,Nolan McLean Over 5.5 K + Yordan Alvarez H+R+RBI 0.5 + Kevin McGonigle Walk + Willson Contreras Walk,2026-09-17
2,SAFE,3,3,0.3435541400869559,1.0,0.0,4,False,False,Seth Lugo Under 4.5 K + Luis Arraez Hit + Kevin McGonigle H+R+RBI 0.5,2026-09-17
3,LOTTO,3,3,0.0039985015706211,0.0,0.0,1,True,True,Mike Trout HR + Zach Neto HR + Kody Clemens HR,2026-09-17
3,SAFE,3,3,0.3364410813157698,3.0,1.0,1,True,True,Taj Bradley Over 6.5 K + Mike Trout H+R+RBI 0.5 + Zach Neto H+R+RBI 0.5,2026-09-17
0,LOTTO,3,3,0.0077067263595482,1.0,0.0,9,False,False,Pete Crow-Armstrong HR + Kyle Schwarber HR + Yandy Díaz Hits 2.5,2026-09-20
0,MEDIUM,3,3,0.042935206262601,2.0,0.0,9,False,False,Pete Crow-Armstrong TB 3.5 + Kyle Schwarber TB 3.5 + Isaac Paredes Walk,2026-09-20
0,MIXED,3,3,0.1079456112236892,2.0,0.0,9,False,False,Pete Crow-Armstrong H+R+RBI 0.5 + Kyle Schwarber TB 3.5 + Isaac Paredes Walk,2026-09-20
0,SAFE,3,3,0.4264443941530157,2.0,0.0,9,False,False,Pete Crow-Armstrong H+R+RBI 0.5 + Luis Arraez Hit + Corey Seager H+R+RBI 0.5,2026-09-20
1,LOTTO,3,3,0.0075623064248418,1.0,0.0,1,True,True,Cal Raleigh HR + Hunter Goodman HR + Julio Rodríguez Hits 2.5,2026-09-20
1,MEDIUM,3,3,0.0285059135614643,1.0,0.0,1,True,True,Hunter Goodman TB 3.5 + Cal Raleigh TB 3.5 + Julio Rodríguez Hits 1.5,2026-09-20
1,MIXED,3,3,0.0651839459112117,2.0,0.0,1,True,True,Julio Rodríguez H+R+RBI 0.5 + Hunter Goodman TB 3.5 + Cal Raleigh TB 3.5,2026-09-20
1,SAFE,3,3,0.4024678939734018,2.0,0.0,1,True,True,Julio Rodríguez H+R+RBI 0.5 + Hunter Goodman H+R+RBI 0.5 + Cal Raleigh H+R+RBI 0.5,2026-09-20
2,MIXED,3,3,0.1795164403943945,1.0,0.0,4,False,False,Mookie Betts H+R+RBI 0.5 + Jakob Marsee Walk + Lars Nootbaar Walk,2026-09-20
3,LOTTO,3,3,0.0017834685117492,0.0,0.0,1,True,True,Pete Alonso HR + Jackson Chourio Hits 2.5 + William Contreras Hits 2.5,2026-09-20
3,MEDIUM,3,3,0.0868554806358661,1.0,0.0,1,True,True,Jake Bauers Walk + Brice Turang Walk + Jackson Chourio Hits 1.5,2026-09-20
3,MIXED,3,3,0.2012830283867338,2.0,0.0,1,True,True,Jackson Chourio H+R+RBI 0.5 + Jake Bauers Walk + Brice Turang Walk,2026-09-20
3,SAFE,3,3,0.397776050511493,2.0,0.0,1,True,True,Jackson Chourio H+R+RBI 0.5 + Christian Yelich H+R+RBI 0.5 + William Contreras H+R+RBI 0.5,2026-09-20
0,LOTTO,3,3,0.0036430450078167,0.0,0.0,1,True,True,Munetaka Murakami HR + Colson Montgomery HR + Kevin McGonigle Hits 2.5,2026-09-19
0,MEDIUM,3,3,0.1589865385503896,0.0,0.0,1,True,True,Munetaka Murakami Walk + Kyle Teel Walk + Kevin McGonigle Walk,2026-09-19
0,MIXED,3,3,0.2193809114123415,1.0,0.0,1,True,True,Kevin McGonigle H+R+RBI 0.5 + Munetaka Murakami Walk + Kyle Teel Walk,2026-09-19
0,SAFE,3,3,0.3658339290317678,3.0,1.0,1,True,True,Kevin McGonigle H+R+RBI 0.5 + Riley Greene H+R+RBI 0.5 + Sam Antonacci H+R+RBI 0.5,2026-09-19
1,MEDIUM,3,3,0.0419133204436242,0.0,0.0,3,False,False,Freddy Peralta Under 4.5 K + Kyle Schwarber HR + Pete Alonso TB 3.5,2026-09-19
1,MIXED,4,4,0.0317697961061266,1.0,0.0,3,False,True,Freddy Peralta Under 4.5 K + Luis Arraez Hit + Pete Alonso TB 3.5 + Kyle Schwarber HR,2026-09-19
1,SAFE,3,3,0.4122636155221086,2.0,0.0,3,False,False,Luis Arraez Hit + Pete Alonso H+R+RBI 0.5 + Junior Caminero H+R+RBI 0.5,2026-09-19
2,LOTTO,3,3,0.0047751925286481,0.0,0.0,6,False,False,Matt Olson HR + Eugenio Suárez HR + George Springer Hits 2.5,2026-09-19
2,MEDIUM,3,3,0.0858161966675861,2.0,0.0,6,False,False,Noah Cameron Over 5.5 K + Iván Herrera Walk + Pete Crow-Armstrong TB 2.5,2026-09-19
2,MIXED,4,4,0.097521457681883,3.0,0.0,6,False,False,Noah Cameron Over 5.5 K + Pete Crow-Armstrong H+R+RBI 0.5 + Iván Herrera Walk + Wyatt Langford Walk,2026-09-19
2,SAFE,3,3,0.4066391065724483,1.0,0.0,6,False,False,Pete Crow-Armstrong H+R+RBI 0.5 + Yordan Alvarez H+R+RBI 0.5 + George Springer H+R+RBI 0.5,2026-09-19
3,LOTTO,3,3,0.0026760519297827,1.0,0.0,5,False,False,Cal Raleigh HR + Luis García Jr. Hits 2.5 + Xavier Edwards Hits 2.5,2026-09-19
3,SAFE,3,3,0.3287928858868034,1.0,0.0,5,False,False,Joe Ryan Over 6.5 K + Luis García Jr. Hit + Mookie Betts H+R+RBI 0.5,2026-09-19
0,LOTTO,3,3,0.0025134549858217,0.0,0.0,1,True,True,Junior Caminero HR + Chandler Simpson Hits 2.5 + Yandy Díaz Hits 2.5,2026-09-22
0,MEDIUM,3,3,0.0345433569950549,0.0,0.0,1,True,True,Chandler Simpson Hits 1.5 + Yandy Díaz Hits 1.5 + Junior Caminero TB 2.5,2026-09-22
0,MIXED,3,3,0.0746210425595885,1.0,0.0,1,True,True,Chandler Simpson Hit + Yandy Díaz Hits 1.5 + Junior Caminero TB 2.5,2026-09-22
1,MEDIUM,3,3,0.0519141919687921,0.0,0.0,10,False,False,Kyle Schwarber HR + Pete Crow-Armstrong TB 3.5 + Juan Soto Walk,2026-09-22
1,MIXED,3,3,0.1215092069205994,1.0,0.0,10,False,False,Luis Arraez Hit + Pete Crow-Armstrong TB 3.5 + Juan Soto Walk,2026-09-22
1,SAFE,3,3,0.4230815867877942,3.0,1.0,10,False,False,Luis Arraez Hit + Pete Crow-Armstrong H+R+RBI 0.5 + Chandler Simpson Hit,2026-09-22
2,SAFE,3,3,0.4069305906447505,2.0,0.0,1,True,True,Corbin Carroll H+R+RBI 0.5 + Hunter Goodman H+R+RBI 0.5 + Ketel Marte H+R+RBI 0.5,2026-09-22
3,LOTTO,3,3,0.0077793415896531,1.0,0.0,4,False,False,Yordan Alvarez HR + Max Muncy HR + Shea Langeliers HR,2026-09-22
3,SAFE,3,3,0.400885090286783,3.0,1.0,4,False,False,Yordan Alvarez H+R+RBI 0.5 + Mookie Betts H+R+RBI 0.5 + Mike Trout H+R+RBI 0.5,2026-09-22
